-- phpMyAdmin SQL Dump
-- version 4.9.1
-- https://www.phpmyadmin.net/
--
-- Host: localhost
-- Gegenereerd op: 13 jan 2020 om 10:06
-- Serverversie: 8.0.18-0ubuntu0.19.10.1
-- PHP-versie: 7.3.11-0ubuntu0.19.10.1

SET SQL_MODE = "NO_AUTO_VALUE_ON_ZERO";
SET AUTOCOMMIT = 0;
START TRANSACTION;
SET time_zone = "+00:00";


/*!40101 SET @OLD_CHARACTER_SET_CLIENT=@@CHARACTER_SET_CLIENT */;
/*!40101 SET @OLD_CHARACTER_SET_RESULTS=@@CHARACTER_SET_RESULTS */;
/*!40101 SET @OLD_COLLATION_CONNECTION=@@COLLATION_CONNECTION */;
/*!40101 SET NAMES utf8mb4 */;

--
-- Database: `Examen2019`
--

-- --------------------------------------------------------

--
-- Tabelstructuur voor tabel `afbeelding`
--

CREATE TABLE `afbeelding` (
  `id` int(11) NOT NULL,
  `url` varchar(255) NOT NULL
) ENGINE=InnoDB DEFAULT CHARSET=utf8;

--
-- Gegevens worden geëxporteerd voor tabel `afbeelding`
--

INSERT INTO `afbeelding` (`id`, `url`) VALUES
(1, '2a1a4937ae009934f4bb18347d25195d.jpg'),
(2, '6fa87d6ada7008bc9c46c8bbaed1ee25.jpg'),
(3, '13e8b431aefc7cf7afc81db42fe0b461.jpg'),
(4, 'cabd29318bab79a390b68feea0bfd68a.jpg'),
(5, '4427bb0f4b53b15522b35aa0ef0e5be5.jpg'),
(6, 'b7abcff9a7eeae74fee2c3913902824a.jpg'),
(7, '8dbcc41e6dd24444204053595507a69d.jpg'),
(8, '7ad7f99771341ad749393b08fe2ed2dd.jpg'),
(9, '58a94bda0781ceee84bc50094be6ae5d.jpg'),
(10, '3d195729147206da9b1d9d5bdd50d5d7.jpg'),
(11, 'b08a7c01c79db16ba77dee2e7352408c.jpg'),
(12, '4a1678302e784b1947922eaf2189a528.jpg'),
(13, 'f82df049d2c7ea6bfc003b97e768ab7a.jpg'),
(14, 'b50259ceb999e99db0ba5f42e9621182.jpg'),
(15, 'bbb573f07f78f81926ac332fea1e8252.jpg'),
(16, '296e803ecb7d5ee65258710bf4c16889.jpg'),
(17, '618e87d4392908b1b40c1b5dca688cb7.jpg'),
(18, '9b297489b0d938427ad075678bc866bf.jpg'),
(19, '4e95fe8ccfcafb74b32aa3985c2c75b0.jpg'),
(20, '299bc2db69fc1a99c4bd5cd84e7156df.jpg'),
(21, 'f79a54fbd611fd1239a436fe5e77a3ef.jpg'),
(22, '0793af1bfe24d9da2a26e90954972fc9.jpg'),
(23, 'c21f294997045273491bba8098886643.jpg'),
(24, 'd21162a347bccb3dd9f22cc4822e4ff8.jpg'),
(25, '7d4c5dbb5d1df6f94b2448dae78a3b25.jpg'),
(26, 'aa676de6fe8ffd8fe57a252ab8f1bdb4.jpg'),
(27, 'f0d9aa7eef3140a1e825a21df93ff238.jpg'),
(28, 'f921d2c793fdc3a3a71bd38aaeb7e8e8.jpg'),
(29, '350c44dc7714e842179e231773f1535d.jpg'),
(30, 'a9a84fb242e935ae0038cf3e92796256.jpg'),
(31, '4aca0e52673446b1f250fb462f6a98e4.jpg'),
(32, 'caa86b007ea3ca7f970d8ee8e3516d96.jpg'),
(33, 'd3b3cab97abb5309625ee8feae5c2de1.jpg'),
(34, 'bb088bd282e1a768f2e4ae79858e0a51.jpg'),
(35, 'f2733c77e5af5fa0c905f92edde20ca4.jpg'),
(36, '65e3a984e0c958893b14cd386cd743bf.jpg'),
(37, 'bfeb00f9e52d1fa4dc28690ce47ac200.jpg'),
(38, '9daa551f7a0fbd8f17f9685ad9be8f23.jpg'),
(39, '011c351f6503a0dedf6e229fc50afcde.jpg'),
(40, '4ec2f863b396a6ec28c58a613df79bc7.jpg'),
(41, '222ceaeab5fdb26dcc28d18151c21838.jpg'),
(42, '6e7f1278ade3fa87f9405bbb1ba1492a.jpg'),
(43, 'fe2e6d1da4c3c26f7532eb6b79dd0c00.jpg'),
(44, '9f025c57b807fcb1803d4c0bc4098dc1.jpg'),
(45, '891485998873918f19f7c9e6bc906654.jpg'),
(46, 'dd923f842b7cdd873d1fcdef14c33372.jpg'),
(47, 'a39ce819f79358d0b3b2295b7dcfd89a.png'),
(48, 'b1f2a1997793dee2fef9fec760ecd4a9.jpg'),
(49, 'ddf0444bcb72fe942a0b3ad07f763ed3.jpg'),
(50, 'fa2f753d22ad6a91a90acbfdc4f367b2.jpg'),
(51, 'e132e06e4e1b5abda586098ad769a599.jpg'),
(52, 'cd7a7fe1ce49dd48e2230fd8618bde52.jpg'),
(53, '23339269945654fa395d28a44a8f5476.jpg'),
(54, '38ab20d6ba091f5bcd611cfcc369d0d6.jpg'),
(55, 'da9270efc308a307ab1b738a73d90175.jpg'),
(56, 'd361b91e983feb9c28f2a32be3237719.jpg'),
(57, '4671a1ff9ca5477eba61436fac210e41.jpg'),
(58, '7e087f4de1a4ab04d3a1276fa72d9313.jpg'),
(59, 'b8bd394a0d73c61ea8d43a1e90ec6a7a.jpg'),
(60, '1fac40fd8c3b0b3720d4627f21118e8f.jpg'),
(61, 'ab13e3b1548e14479475aa3b7eca2d77.jpg'),
(62, '791310c6b65150e0165d4b10b05ce609.jpg'),
(63, '4b63cf38b0fce6fab4e46e0f77f3c452.jpg'),
(64, '810dbea5d41bbcdaa4feea9a563336b0.jpg');

-- --------------------------------------------------------

--
-- Tabelstructuur voor tabel `content`
--

CREATE TABLE `content` (
  `id` int(11) NOT NULL,
  `content` text NOT NULL
) ENGINE=InnoDB DEFAULT CHARSET=utf8;

--
-- Gegevens worden geëxporteerd voor tabel `content`
--

INSERT INTO `content` (`id`, `content`) VALUES
(1, 'test'),
(2, 'ergergrerg'),
(3, 'ergergrerg'),
(4, 'test'),
(5, 'test'),
(6, 'test'),
(7, 'Lorem ipsum dolor sit amet, consectetur adipiscing elit. Proin porta scelerisque est ac placerat. In accumsan nunc ac odio dictum euismod. Fusce odio ligula, dapibus sed nisi vel, mattis pellentesque urna. Morbi eu faucibus ex. In hac habitasse platea dictumst. Ut imperdiet blandit orci, quis porta nulla. Duis viverra nulla sit amet metus tincidunt pulvinar. Nullam sit amet orci et justo posuere rutrum at ac lacus. Donec rhoncus, ex vitae ornare sodales, dolor nibh interdum ligula, eu pellentesque libero erat nec risus. Nam commodo nisi et massa porta consectetur. In ac facilisis nisl. Pellentesque tristique aliquet rutrum. Vestibulum ante ipsum primis in faucibus orci luctus et ultrices posuere cubilia Curae; Nullam non sem elementum purus pretium mollis vitae at sapien. Cras fermentum urna id turpis auctor, id dignissim enim dapibus. Integer lacinia ligula vitae leo consectetur, nec luctus eros suscipit.\r\n\r\n\r\n\r\n\r\nMaecenas at aliquam urna. Suspendisse scelerisque est eu accumsan porta. Quisque egestas, ipsum nec malesuada tincidunt, elit velit blandit ipsum, ut lacinia nunc justo non justo. Maecenas auctor lorem vitae urna lobortis, id faucibus ex mollis. Praesent ut scelerisque purus. Sed ullamcorper diam lobortis convallis tempus. Nullam at urna porta, feugiat turpis nec, consequat augue.\r\n\r\nNullam laoreet enim vitae iaculis tincidunt. Aenean eleifend euismod massa, et dictum elit ullamcorper et. Aenean lobortis pharetra tincidunt. Nulla cursus ut metus ac imperdiet. Donec suscipit sodales risus et imperdiet. Pellentesque in odio at ipsum sollicitudin rhoncus. Aenean nec venenatis odio. Nam varius vitae turpis eget ultricies. Nulla venenatis ullamcorper facilisis. Praesent varius, libero id pulvinar faucibus, mi quam hendrerit mauris, sed laoreet magna nisl eget quam. Fusce et tellus gravida, sollicitudin tortor vel, finibus enim.\r\n\r\nNunc a maximus urna. Donec et accumsan nulla, sit amet tempus tortor. Aliquam rutrum semper odio, a pulvinar massa mattis ac. Ut enim elit, rutrum sed lacinia ac, venenatis at erat. In hac habitasse platea dictumst. Fusce id justo malesuada, mollis nunc vitae, cursus nisi. Praesent venenatis pulvinar libero eget blandit. Suspendisse potenti. Morbi varius ante tellus, ac fermentum enim ornare in. Ut at porttitor ligula. Morbi nisl tortor, ultricies ut luctus a, mattis ut metus. Morbi porttitor sapien eget libero fringilla, id vestibulum odio ullamcorper. Etiam non tincidunt sem. Curabitur quis pretium diam. Quisque at dignissim ante.\r\n\r\nIn eget dictum turpis. Aenean odio enim, porttitor eget egestas at, scelerisque hendrerit quam. Vestibulum ante ipsum primis in faucibus orci luctus et ultrices posuere cubilia Curae; Mauris ac purus massa. Mauris et elit in nibh rutrum facilisis. Proin nec sapien nisi. Proin sagittis massa et viverra volutpat. Pellentesque lectus eros, hendrerit et diam quis, iaculis finibus est. Mauris eget lacinia quam. Curabitur ligula dolor, scelerisque sed gravida quis, iaculis sit amet elit. Lorem ipsum dolor sit amet, consectetur adipiscing elit. Aenean et est ipsum. Fusce tortor urna, ultrices in eros nec, ultrices vestibulum massa. Ut lobortis, dolor ut viverra interdum, diam mi lacinia metus, et imperdiet elit elit in odio.'),
(8, '<div style=\"margin: 0px 14.3906px 0px 28.7969px; padding: 0px; width: 436.797px; float: left; font-family: \'Open Sans\', Arial, sans-serif; font-size: 14px; background-color: #ffffff;\">\r\n<h2 style=\"margin: 0px 0px 10px; padding: 0px; font-weight: 400; line-height: 24px; font-family: DauphinPlain; font-size: 24px;\">Wat is Lorem Ipsum?</h2>\r\n<p style=\"margin: 0px 0px 15px; padding: 0px; text-align: justify;\"><strong style=\"margin: 0px; padding: 0px;\">Lorem Ipsum</strong>&nbsp;is slechts een proeftekst uit het drukkerij- en zetterijwezen. Lorem Ipsum is de standaard proeftekst in deze bedrijfstak sinds de 16e eeuw, toen een onbekende drukker een zethaak met letters nam en ze door elkaar husselde om een font-catalogus te maken. Het heeft niet alleen vijf eeuwen overleefd maar is ook, vrijwel onveranderd, overgenomen in elektronische letterzetting. Het is in de jaren \'60 populair geworden met de introductie van Letraset vellen met Lorem Ipsum passages en meer recentelijk door desktop publishing software zoals Aldus PageMaker die versies van Lorem Ipsum bevatten.</p>\r\n</div>\r\n<div style=\"margin: 0px 28.7969px 0px 14.3906px; padding: 0px; width: 436.797px; float: right; font-family: \'Open Sans\', Arial, sans-serif; font-size: 14px; background-color: #ffffff;\">\r\n<h2 style=\"margin: 0px 0px 10px; padding: 0px; font-weight: 400; line-height: 24px; font-family: DauphinPlain; font-size: 24px;\">Waarom gebruiken we het?</h2>\r\n<p style=\"margin: 0px 0px 15px; padding: 0px; text-align: justify;\">Het is al geruime tijd een bekend gegeven dat een lezer, tijdens het bekijken van de layout van een pagina, afgeleid wordt door de tekstuele inhoud. Het belangrijke punt van het gebruik van Lorem Ipsum is dat het uit een min of meer normale verdeling van letters bestaat, in tegenstelling tot \"Hier uw tekst, hier uw tekst\" wat het tot min of meer leesbaar nederlands maakt. Veel desktop publishing pakketten en web pagina editors gebruiken tegenwoordig Lorem Ipsum als hun standaard model tekst, en een zoekopdracht naar \"lorem ipsum\" ontsluit veel websites die nog in aanbouw zijn. Verscheidene versies hebben zich ontwikkeld in de loop van de jaren, soms per ongeluk soms expres (ingevoegde humor en dergelijke).</p>\r\n</div>\r\n<p>&nbsp;</p>\r\n<div style=\"margin: 0px 14.3906px 0px 28.7969px; padding: 0px; width: 436.797px; float: left; font-family: \'Open Sans\', Arial, sans-serif; font-size: 14px; background-color: #ffffff;\">\r\n<h2 style=\"margin: 0px 0px 10px; padding: 0px; font-weight: 400; line-height: 24px; font-family: DauphinPlain; font-size: 24px;\">Waar komt het vandaan?</h2>\r\n<p style=\"margin: 0px 0px 15px; padding: 0px; text-align: justify;\">In tegenstelling tot wat algemeen aangenomen wordt is Lorem Ipsum niet zomaar willekeurige tekst. het heeft zijn wortels in een stuk klassieke latijnse literatuur uit 45 v.Chr. en is dus meer dan 2000 jaar oud. Richard McClintock, een professor latijn aan de Hampden-Sydney College in Virginia, heeft &eacute;&eacute;n van de meer obscure latijnse woorden, consectetur, uit een Lorem Ipsum passage opgezocht, en heeft tijdens het zoeken naar het woord in de klassieke literatuur de onverdachte bron ontdekt. Lorem Ipsum komt uit de secties 1.10.32 en 1.10.33 van \"de Finibus Bonorum et Malorum\" (De uitersten van goed en kwaad) door Cicero, geschreven in 45 v.Chr. Dit boek is een verhandeling over de theorie der ethiek, erg populair tijdens de renaissance. De eerste regel van Lorem Ipsum, \"Lorem ipsum dolor sit amet..\", komt uit een zin in sectie 1.10.32.</p>\r\n<p style=\"margin: 0px 0px 15px; padding: 0px; text-align: justify;\">Het standaard stuk van Lorum Ipsum wat sinds de 16e eeuw wordt gebruikt is hieronder, voor wie er interesse in heeft, weergegeven. Secties 1.10.32 en 1.10.33 van \"de Finibus Bonorum et Malorum\" door Cicero zijn ook weergegeven in hun exacte originele vorm, vergezeld van engelse versies van de 1914 vertaling door H. Rackham.</p>\r\n</div>\r\n<div style=\"margin: 0px 28.7969px 0px 14.3906px; padding: 0px; width: 436.797px; float: right; font-family: \'Open Sans\', Arial, sans-serif; font-size: 14px; background-color: #ffffff;\">\r\n<h2 style=\"margin: 0px 0px 10px; padding: 0px; font-weight: 400; line-height: 24px; font-family: DauphinPlain; font-size: 24px;\">Waar kan ik het vinden?</h2>\r\n<p style=\"margin: 0px 0px 15px; padding: 0px; text-align: justify;\">Er zijn vele variaties van passages van Lorem Ipsum beschikbaar maar het merendeel heeft te lijden gehad van wijzigingen in een of andere vorm, door ingevoegde humor of willekeurig gekozen woorden die nog niet half geloofwaardig ogen. Als u een passage uit Lorum Ipsum gaat gebruiken dient u zich ervan te verzekeren dat er niets beschamends midden in de tekst verborgen zit. Alle Lorum Ipsum generators op Internet hebben de eigenschap voorgedefinieerde stukken te herhalen waar nodig zodat dit de eerste echte generator is op internet. Het gebruikt een woordenlijst van 200 latijnse woorden gecombineerd met een handvol zinsstructuur modellen om een Lorum Ipsum te genereren die redelijk overkomt. De gegenereerde Lorum Ipsum is daardoor altijd vrij van herhaling, ingevoegde humor of ongebruikelijke woorden etc.</p>\r\n</div>'),
(9, ''),
(10, ''),
(11, ''),
(12, ''),
(13, ''),
(14, ''),
(15, ''),
(16, ''),
(17, ''),
(18, ''),
(19, ''),
(20, ''),
(21, ''),
(22, ''),
(23, ''),
(24, ''),
(25, ''),
(26, ''),
(27, ''),
(28, ''),
(29, ''),
(30, ''),
(31, ''),
(32, ''),
(33, ''),
(34, ''),
(35, '<div style=\"margin: 0px 14.3906px 0px 28.7969px; padding: 0px; width: 436.797px; float: left; font-family: \'Open Sans\', Arial, sans-serif; font-size: 14px; background-color: #ffffff;\">\r\n<h2 style=\"margin: 0px 0px 10px; padding: 0px; font-weight: 400; line-height: 24px; font-family: DauphinPlain; font-size: 24px;\">Wat is Lorem Ipsum?</h2>\r\n<p style=\"margin: 0px 0px 15px; padding: 0px; text-align: justify;\"><strong style=\"margin: 0px; padding: 0px;\">Lorem Ipsum</strong> is slechts een proeftekst uit het drukkerij- en zetterijwezen. Lorem Ipsum is de standaard proeftekst in deze bedrijfstak sinds de 16e eeuw, toen een onbekende drukker een zethaak met letters nam en ze door elkaar husselde om een font-catalogus te maken. Het heeft niet alleen vijf eeuwen overleefd maar is ook, vrijwel onveranderd, overgenomen in elektronische letterzetting. Het is in de jaren \'60 populair geworden met de introductie van Letraset vellen met Lorem Ipsum passages en meer recentelijk door desktop publishing software zoals Aldus PageMaker die versies van Lorem Ipsum bevatten.</p>\r\n</div>\r\n<div style=\"margin: 0px 28.7969px 0px 14.3906px; padding: 0px; width: 436.797px; float: right; font-family: \'Open Sans\', Arial, sans-serif; font-size: 14px; background-color: #ffffff;\">\r\n<h2 style=\"margin: 0px 0px 10px; padding: 0px; font-weight: 400; line-height: 24px; font-family: DauphinPlain; font-size: 24px;\">Waarom gebruiken we het?</h2>\r\n<p style=\"margin: 0px 0px 15px; padding: 0px; text-align: justify;\">Het is al geruime tijd een bekend gegeven dat een lezer, tijdens het bekijken van de layout van een pagina, afgeleid wordt door de tekstuele inhoud. Het belangrijke punt van het gebruik van Lorem Ipsum is dat het uit een min of meer normale verdeling van letters bestaat, in tegenstelling tot \"Hier uw tekst, hier uw tekst\" wat het tot min of meer leesbaar nederlands maakt. Veel desktop publishing pakketten en web pagina editors gebruiken tegenwoordig Lorem Ipsum als hun standaard model tekst, en een zoekopdracht naar \"lorem ipsum\" ontsluit veel websites die nog in aanbouw zijn. Verscheidene versies hebben zich ontwikkeld in de loop van de jaren, soms per ongeluk soms expres (ingevoegde humor en dergelijke).</p>\r\n</div>\r\n<p> </p>\r\n<div style=\"margin: 0px 14.3906px 0px 28.7969px; padding: 0px; width: 436.797px; float: left; font-family: \'Open Sans\', Arial, sans-serif; font-size: 14px; background-color: #ffffff;\">\r\n<h2 style=\"margin: 0px 0px 10px; padding: 0px; font-weight: 400; line-height: 24px; font-family: DauphinPlain; font-size: 24px;\">Waar komt het vandaan?</h2>\r\n<p style=\"margin: 0px 0px 15px; padding: 0px; text-align: justify;\">In tegenstelling tot wat algemeen aangenomen wordt is Lorem Ipsum niet zomaar willekeurige tekst. het heeft zijn wortels in een stuk klassieke latijnse literatuur uit 45 v.Chr. en is dus meer dan 2000 jaar oud. Richard McClintock, een professor latijn aan de Hampden-Sydney College in Virginia, heeft één van de meer obscure latijnse woorden, consectetur, uit een Lorem Ipsum passage opgezocht, en heeft tijdens het zoeken naar het woord in de klassieke literatuur de onverdachte bron ontdekt. Lorem Ipsum komt uit de secties 1.10.32 en 1.10.33 van \"de Finibus Bonorum et Malorum\" (De uitersten van goed en kwaad) door Cicero, geschreven in 45 v.Chr. Dit boek is een verhandeling over de theorie der ethiek, erg populair tijdens de renaissance. De eerste regel van Lorem Ipsum, \"Lorem ipsum dolor sit amet..\", komt uit een zin in sectie 1.10.32.</p>\r\n<p style=\"margin: 0px 0px 15px; padding: 0px; text-align: justify;\">Het standaard stuk van Lorum Ipsum wat sinds de 16e eeuw wordt gebruikt is hieronder, voor wie er interesse in heeft, weergegeven. Secties 1.10.32 en 1.10.33 van \"de Finibus Bonorum et Malorum\" door Cicero zijn ook weergegeven in hun exacte originele vorm, vergezeld van engelse versies van de 1914 vertaling door H. Rackham.</p>\r\n</div>\r\n<div style=\"margin: 0px 28.7969px 0px 14.3906px; padding: 0px; width: 436.797px; float: right; font-family: \'Open Sans\', Arial, sans-serif; font-size: 14px; background-color: #ffffff;\">\r\n<h2 style=\"margin: 0px 0px 10px; padding: 0px; font-weight: 400; line-height: 24px; font-family: DauphinPlain; font-size: 24px;\">Waar kan ik het vinden?</h2>\r\n<p style=\"margin: 0px 0px 15px; padding: 0px; text-align: justify;\">Er zijn vele variaties van passages van Lorem Ipsum beschikbaar maar het merendeel heeft te lijden gehad van wijzigingen in een of andere vorm, door ingevoegde humor of willekeurig gekozen woorden die nog niet half geloofwaardig ogen. Als u een passage uit Lorum Ipsum gaat gebruiken dient u zich ervan te verzekeren dat er niets beschamends midden in de tekst verborgen zit. Alle Lorum Ipsum generators op Internet hebben de eigenschap voorgedefinieerde stukken te herhalen waar nodig zodat dit de eerste echte generator is op internet. Het gebruikt een woordenlijst van 200 latijnse woorden gecombineerd met een handvol zinsstructuur modellen om een Lorum Ipsum te genereren die redelijk overkomt. De gegenereerde Lorum Ipsum is daardoor altijd vrij van herhaling, ingevoegde humor of ongebruikelijke woorden etc.</p>\r\n</div>'),
(36, ''),
(37, ''),
(38, ''),
(39, ''),
(40, ''),
(41, ''),
(42, ''),
(43, ''),
(44, ''),
(45, ''),
(46, ''),
(47, ''),
(48, ''),
(49, ''),
(50, ''),
(51, ''),
(52, ''),
(53, ''),
(54, ''),
(55, ''),
(56, ''),
(57, ''),
(58, ''),
(59, ''),
(60, ''),
(61, ''),
(62, ''),
(63, ''),
(64, '<p>test</p>'),
(65, '<p><strong style=\"margin: 0px; padding: 0px; font-family: \'Open Sans\', Arial, sans-serif; font-size: 14px; text-align: justify; background-color: #ffffff;\">Lorem Ipsum</strong><span style=\"font-family: \'Open Sans\', Arial, sans-serif; font-size: 14px; text-align: justify; background-color: #ffffff;\">&nbsp;is slechts een proeftekst uit het drukkerij- en zetterijwezen. Lorem Ipsum is de standaard proeftekst in deze bedrijfstak sinds de 16e eeuw, toen een onbekende drukker een zethaak met letters nam en ze door elkaar husselde om een font-catalogus te maken. Het heeft niet alleen vijf eeuwen overleefd maar is ook, vrijwel onveranderd, overgenomen in elektronische letterzetting. Het is in de jaren \'60 populair geworden met de introductie van Letraset vellen met Lorem Ipsum passages en meer recentelijk door desktop publishing software zoals Aldus PageMaker die versies van Lorem Ipsum bevatten.</span></p>'),
(66, 'Landbouw, veehouderij en techniek gaan hand in hand. Kijk maar naar al die machtige machines die er gebruikt worden. Je kunt als medewerker bij een (gemechaniseerd) loonbedrijf prima met tractoren en andere landbouwmachines overweg en helpt boeren bij bijvoorbeeld het zaaien, oogsten en de grondbewerking. Je onderhoudt de machines en voert kleine reparaties uit. Daarnaast weet je ook veel van de verschillende bodemsoorten en gewassen.\r\nJe kunt na deze opleiding direct aan de slag bij een loonbedrijf of agrarisch bedrijf. Je kunt je specialiseren in de richting die jou het meeste aanspreekt. Wilje bijvoorbeeld meer weten over het machinaal verwerken van gewassen of over verkopen? Dan kunnen wij zorgen dat je die kennis krijgt. Ook zijn er combinaties mogelijk met andere opleidingen, bijvoorbeeld op het gebied van administratie, economie of ICT.'),
(67, 'Landbouw, veehouderij en techniek gaan hand in hand. Kijk maar naar al die machtige machines die er gebruikt worden. Je kunt als medewerker bij een (gemechaniseerd) loonbedrijf prima met tractoren en andere landbouwmachines overweg en helpt boeren bij bijvoorbeeld het zaaien, oogsten en de grondbewerking. Je onderhoudt de machines en voert kleine reparaties uit. Daarnaast weet je ook veel van de verschillende bodemsoorten en gewassen.\r\nJe kunt na deze opleiding direct aan de slag bij een loonbedrijf of agrarisch bedrijf. Je kunt je specialiseren in de richting die jou het meeste aanspreekt. Wilje bijvoorbeeld meer weten over het machinaal verwerken van gewassen of over verkopen? Dan kunnen wij zorgen dat je die kennis krijgt. Ook zijn er combinaties mogelijk met andere opleidingen, bijvoorbeeld op het gebied van administratie, economie of ICT.\r\n'),
(68, 'Landbouw en techniek zijn nauw met elkaar verbonden. Zonder mechanisatie zouden de Nederlandse boeren niet concurrerend kunnen werken. Jij helpt agrariers bij bet bewerken van bet land, bet zaaien en bet oogsten. Dit doe je met allerlei landbouwmachines. Van tractor tot combine, jij draait nergens je hand voor om. Je onderhoudt deze machines en voert ook zelf kleine reparaties uit. De landbouw kent piekperiodes. Daarom kun jij goed plannen wanneer je je werkzaamheden uitvoert voor verschillende opdrachtgevers.\r\nNa deze opleiding kun je aan bet werk bij een loonbedrijf of een groot agrarisch bedrijf, waar je landbouwmachines onderhoudt. Je kunt je specialiseren in de richting die jou bet meeste aanspreekt.\r\nWilje meer-weten over gewassen, administratie of ICT? Of wil je een verkooptraining volgen? Wij bieden je de onderdelen waar jij behoefte aan hebt. Zo krijg je een opleiding op maat.'),
(69, 'Loonbedrijven worden steeds vaker ingeschakeld. Niet alleen door de agrarische sector, maar ook bijvoorbeeld bij de aanleg van wegen en natuurgebieden of bij het onderhouden van dijken en sloten. Ook bij de distributie van mest spelen loonbedrijven een steeds belangrijkere rol. Als vakexpert weet jij zelf hoe landbouwmachines werken, maar houd jij je vooral bezig met planning en coordinatie. Jij verdeelt namelijk de opdrach- ten over je collega’s, voorziet hen van een goede instructie en ziet erop toe dat de kwaliteit van het geleverde werk hoog is.\r\nJe onderhoudt de contacten met de klanten en zorgt er ook voor dat er voldoende werk binnenkomt. Je denkt mee met je leidinggevende		 			over de koers van het bedrijf. Ook administratie hoort bij je werk. Je kunt werken bij een loonbedrijf, maar ook bij grote agrarische bedrijven. Je kunt je specialiseren in de richting die jou het meest aanspreekt.\r\n'),
(70, ''),
(71, ''),
(72, '<div>&nbsp;</div>\r\n<p>&nbsp;</p>\r\n<!-- [if !supportTextWrap]--><!--[endif]-->\r\n<div>&nbsp;</div>\r\n<p>&nbsp;</p>\r\n<!-- [if !supportTextWrap]-->\r\n<p>&nbsp;</p>\r\n<!--[endif]-->'),
(73, 'Ben je gek op sleutelen, maar dan wel aan échte machines? Lijkt het jou wat om te werken aan tractors, combines, haksetaars, graafmachines, heftrucks en shovels? Of iets kleiner, maar vaak net zo uitdagend aan quads, gazonmaaiers en heftrucks? Voor jou als monteur mobiele werktuigen hebben deze machines geen geheimen!\r\nBij een storing ga jij na wat het probleem is, in de werkplaats of op locatie. Vervolgens zorg je ervoor dat alles weer goed werkt.\r\n					.		\r\nvaker vol geavanceerde technieken zoals hoogwaardige hydrautische systemen, hightech motoren, moderne transmissies en geavanceerde elektronica. Daarom leer jij tijdens deze opleiding te werken met meet- apparatuur en gereedschappen. Met dit diploma kun je aan de slag bij bijvoorbeeld een loonwerkbedrijf, landbouwmechanisatie- bedrijf of machinegroothandel.\r\n'),
(74, ''),
(75, ''),
(76, ''),
(77, 'Bij een loonwerkbedrijf, mechanisatiebedrijf of machinegroothandel repareer en onder- houd jij mobiele werktuigen. Als zelfstandig monteur ben jij de spil van de werkplaats. Je bent op de hoogte van de techniek en weet hoe je een mobiel werktuig moet repareren en onderhouden. Is er een speciatistische reparatie, storing of moet er een werktuig gemodificeerd worden dan komen ze bij jou terecht. Je doet deels hetzelfde werk als de monteur mobiele werktuigen (niveau 2), maar je werkt nu wel veel meer zelfstandig. Ook voer je keuringen en inspecties uit. Bij\r\ningewikkelde reparaties en aanpassingen begeleid en instrueer je de collega monte in de werkplaats.\r\nOok kun je je bezighouden met het advise van klanten en rapporteer je aan je leidmi gevende. Vender kun je door bijscholing n veel gevallen doorgroeien naar een leidin gevende functie, of je specialiseren.'),
(78, '<p><span style=\"font-family: -webkit-standard;\">Heb jij talent voor verkopen? Als commercieel medewerker leg en onderhoud je contacten met leveranciers en potentiele klanten. Je voert gesprekken, verstuurt offertes, onderhandelt over een goede prijs en zorgt dat er geleverd wordt wat je hebt beloofd. Je kunt de behoefte van klanten vertalen in de juiste producten of diensten</span><span style=\"font-family: -webkit-standard;\">en je weet deze vervolgens overtuigend te presenteren. Je gaat voor scoren op de korte termijn en op de lange termijn. Klanten kiezen vaak voor bedrijven vanwege de goede service. Jij verleent die goede service en doet suggesties aan je leidinggevende om die te verbeteren.</span></p>'),
(79, '<p style=\"font-family: -webkit-standard;\">Als junior accountmanager ben jij de schakel tussen jouw bedrijf en jullie klanten. Je bent regelmatig zelfstandig op pad om bij klanten op bezoek te gaan. Voor hen ben jij namelijk het aanspreekpunt. Je denkt mee over welke producten of diensten voor hen het beste \'zijn en je probeert daarbij zoveel mogelijk&nbsp;</p>\r\n<p style=\"font-family: -webkit-standard;\">maatwerk te leveren. Ook bekijk je of je andere producten of diensten aan klanten kunt verkopen. Vervolgens werk je nauw samen met andere afdelingen of specialisten in je bedrijf om te zorgen dat de klant krijgt wat hij verwacht.</p>'),
(80, '<div>\r\n<table width=\"228\" cellspacing=\"0\" cellpadding=\"0\">\r\n<tbody>\r\n<tr>\r\n<td style=\"padding: 0cm;\" align=\"left\" valign=\"top\" height=\"740\">\r\n<p class=\"Bodytext40\" style=\"background-image: initial; background-position: initial; background-size: initial; background-repeat: initial; background-attachment: initial; background-origin: initial; background-clip: initial;\">Instroommogelijkheden</p>\r\n<p class=\"Bodytext20\" style=\"text-indent: 0cm; background-image: initial; background-position: initial; background-size: initial; background-repeat: initial; background-attachment: initial; background-origin: initial; background-clip: initial;\">Onze mbo-opleidingen sluiten aan op het voort- gezet onderwijs (zoals vmbo en havo). Er zijn vier niveaus in het mbo, varierend van niveau 1 (entreeopleidingen, waarin je wordt voorbereid op assisterende functies op de arbeidsmarkt) tot en met niveau 4 (voor functies waarin je zelfstandig werkt en zetf leiding kunt geven). Welk niveau je kunt volgen, hangt af van je vooropleiding (zie hiervoor het schema boven- aan de pagina). Soms zijn ook bepaalde vakken gewenst.</p>\r\n<p class=\"Bodytext20\" style=\"text-indent: 0cm; background-image: initial; background-position: initial; background-size: initial; background-repeat: initial; background-attachment: initial; background-origin: initial; background-clip: initial;\">Binnen Landstede Groep doeje je entreeopleiding bij StartCollege. Kijk voor die opleidingsinformatie op start-college.nl.</p>\r\n<p class=\"Bodytext20\" style=\"text-indent: 0cm; background-image: initial; background-position: initial; background-size: initial; background-repeat: initial; background-attachment: initial; background-origin: initial; background-clip: initial;\">Bij Landstede MBO kun je twee zogenaamde specialistenopleidingen volgen, namelijk Vakman-Ondernemer en Leidinggevende Team/Afdeling/Project. Dit zijn niveau 4 opleidingen waarop je kunt instromen met een afgeronde mbo-opleiding op niveau 3 of 4.</p>\r\n<p class=\"Bodytext40\" style=\"line-height: 12.95pt; background-image: initial; background-position: initial; background-size: initial; background-repeat: initial; background-attachment: initial; background-origin: initial; background-clip: initial;\">Aanmelden</p>\r\n<p class=\"Bodytext20\" style=\"margin-bottom: 0.0001pt; text-indent: 0cm; background-image: initial; background-position: initial; background-size: initial; background-repeat: initial; background-attachment: initial; background-origin: initial; background-clip: initial;\">Binds 1 augustus 2017 is er een landelijk toelatingsrecht voor studenten die zich aanmelden voor een mbo-opleiding. Als je je uiterlijk op 1 aprit aanmeldt, kun je geplaatst worden in de opteiding van je eerste keuze. Voorwaarde is wel dat je voldoet aan de juiste vooropleidingseis, eventueel aanvullende toelatingseisen en dat je meedoet aan de verplichte intakeactiviteiten.</p>\r\n</td>\r\n</tr>\r\n</tbody>\r\n</table>\r\n</div>\r\n<p><!-- [if !supportTextWrap]--><br clear=\"ALL\" /><!--[endif]--></p>\r\n<div>\r\n<table width=\"230\" cellspacing=\"0\" cellpadding=\"0\">\r\n<tbody>\r\n<tr>\r\n<td style=\"padding: 0cm;\" align=\"left\" valign=\"top\" height=\"742\">\r\n<p class=\"Bodytext20\" style=\"text-indent: 0cm; background-image: initial; background-position: initial; background-size: initial; background-repeat: initial; background-attachment: initial; background-origin: initial; background-clip: initial;\">Weet je nog niet precies wat je wilt en wil je je eerst beter orienteren, vraag dan tijdig een studiekeuzegesprek aan. Nadat je je hebt aangemeld voor een opleiding, ontvang je een uitnodiging voor het plaatsingsgesprek. Tijdens dit gesprek bekijken we samen met jou of de opleiding die je wilt doen ook het beste bij je past.</p>\r\n<p class=\"Bodytext20\" style=\"text-indent: 0cm; background-image: initial; background-position: initial; background-size: initial; background-repeat: initial; background-attachment: initial; background-origin: initial; background-clip: initial;\">Natuurlijk doen we ook ons uiterste best voor je alsje je na 1 april hebt aangemeld. Ook dan gaan we zo snel mogelijk met je in gesprek om te kijken welke opleiding het beste past bij jouw ideeen en talenten. En dat kan nog steeds de opleiding van je eerste keuze zijn.</p>\r\n<p class=\"Bodytext20\" style=\"text-indent: 0cm; background-image: initial; background-position: initial; background-size: initial; background-repeat: initial; background-attachment: initial; background-origin: initial; background-clip: initial;\">Wil je meer weten over het toelatingsrecht, over opleidingen met aanvullende toelatingseisen of opleidingen met een beperkt aantal plekken? Kijk dan op onze website: landstedembo.nl/aannamebeleid.</p>\r\n<p class=\"Bodytext40\" style=\"line-height: 12.95pt; background-image: initial; background-position: initial; background-size: initial; background-repeat: initial; background-attachment: initial; background-origin: initial; background-clip: initial;\">BOL/BBL?</p>\r\n<p class=\"Bodytext20\" style=\"margin-bottom: 0.0001pt; text-indent: 0cm; background-image: initial; background-position: initial; background-size: initial; background-repeat: initial; background-attachment: initial; background-origin: initial; background-clip: initial;\">Als je voor een mbo-opleiding kiest, dan kom je de afkortingen BOL en/of BBL tegen.</p>\r\n<p class=\"Bodytext20\" style=\"margin-bottom: 0.0001pt; text-indent: 0cm; background-image: initial; background-position: initial; background-size: initial; background-repeat: initial; background-attachment: initial; background-origin: initial; background-clip: initial;\">BOL (beroepsopleidende leerweg) is school + stage. Je gaat overdag naar school en je volgt een deel van je opleiding in de praktijk, bijvoorbeeld door stages en opdrachten.</p>\r\n<p class=\"Bodytext20\" style=\"margin-bottom: 0.0001pt; text-indent: 0cm; background-image: initial; background-position: initial; background-size: initial; background-repeat: initial; background-attachment: initial; background-origin: initial; background-clip: initial;\">BBL (beroepsbegeleidende leerweg) is werken + leren. Je hebt een betaalde baan van minimaal 16-24 uur per week (afhankelijk van je opleiding) bij een erkend leerbedrijf. Daarnaast ga je minstens een dag per week naar school.</p>\r\n</td>\r\n</tr>\r\n</tbody>\r\n</table>\r\n</div>\r\n<p><!-- [if !supportTextWrap]--><br clear=\"ALL\" /><!--[endif]--></p>\r\n<div>\r\n<table cellspacing=\"0\" cellpadding=\"0\">\r\n<tbody>\r\n<tr>\r\n<td style=\"padding: 0cm;\" align=\"left\" valign=\"top\">\r\n<p class=\"Heading20\" style=\"margin: 0cm 0cm 0.0001pt 83pt; background-image: initial; background-position: initial; background-size: initial; background-repeat: initial; background-attachment: initial; background-origin: initial; background-clip: initial;\"><a name=\"bookmark0\"></a>niveau <span class=\"Heading2105ptNotBold\"><span style=\"font-size: 10.5pt; mso-ansi-language: NL;\">2</span></span></p>\r\n</td>\r\n</tr>\r\n</tbody>\r\n</table>\r\n</div>\r\n<p><!-- [if !supportTextWrap]--><br clear=\"ALL\" /><!--[endif]--></p>\r\n<div>\r\n<table width=\"217\" cellspacing=\"0\" cellpadding=\"0\">\r\n<tbody>\r\n<tr>\r\n<td style=\"padding: 0cm;\" align=\"left\" valign=\"top\" height=\"103\">\r\n<p class=\"Picturecaption20\" style=\"background-image: initial; background-position: initial; background-size: initial; background-repeat: initial; background-attachment: initial; background-origin: initial; background-clip: initial;\">Dienstverlening</p>\r\n<p class=\"Picturecaption0\" style=\"background-image: initial; background-position: initial; background-size: initial; background-repeat: initial; background-attachment: initial; background-origin: initial; background-clip: initial;\">HELPENDE ZORG &amp; WELZIJN MEDEWERKER FACILITAIRE DIENSTVERLENING MEDEWERKER SPORT &amp; RECREATE</p>\r\n</td>\r\n</tr>\r\n</tbody>\r\n</table>\r\n</div>\r\n<p><!-- [if !supportTextWrap]--><br clear=\"ALL\" /><!--[endif]--></p>\r\n<div>\r\n<table width=\"221\" cellspacing=\"0\" cellpadding=\"0\">\r\n<tbody>\r\n<tr>\r\n<td style=\"padding: 0cm;\" align=\"left\" valign=\"top\" height=\"368\">\r\n<p class=\"Bodytext20\" style=\"margin-bottom: 13.2pt; text-indent: 0cm; line-height: 12.7pt; background-image: initial; background-position: initial; background-size: initial; background-repeat: initial; background-attachment: initial; background-origin: initial; background-clip: initial;\">Vind je het leuk om mensen te helpen en praktisch bezig te zijn? Dan ben je bij de opleiding Dienstverlening aan het juiste adres. Deze opleiding heeft een algemene startperiode en daarna kies je een van deze profielen: Helpende Zorg &amp; Welzijn, Medewerker Facilitaire Dienstverlening of Medewerker Sport &amp; Recreatie.</p>\r\n<p class=\"Bodytext20\" style=\"margin: 0cm 8pt 0.0001pt 0cm; text-align: justify; text-indent: 0cm; line-height: 12.5pt; background-image: initial; background-position: initial; background-size: initial; background-repeat: initial; background-attachment: initial; background-origin: initial; background-clip: initial;\">In het profieldeel Helpende Zorg &amp; Welzijn help je kinderen, volwassenen, ouderen of mensen met een beperking. Je doet dat bij mensen thuis, maar soms ook in een ver- zorgingstehuis, op een basisschool of in de kinderopvang. Je werkt bijvoorbeeld mee aan het voorbereiden van activiteiten of de administratie.</p>\r\n</td>\r\n</tr>\r\n</tbody>\r\n</table>\r\n</div>\r\n<p><!-- [if !supportTextWrap]--><br clear=\"ALL\" /><!--[endif]--></p>\r\n<div>\r\n<table width=\"226\" cellspacing=\"0\" cellpadding=\"0\">\r\n<tbody>\r\n<tr>\r\n<td style=\"padding: 0cm;\" align=\"left\" valign=\"top\" height=\"351\">\r\n<p class=\"Bodytext20\" style=\"text-indent: 0cm; background-image: initial; background-position: initial; background-size: initial; background-repeat: initial; background-attachment: initial; background-origin: initial; background-clip: initial;\">In het profieldeel Facilitaire Dienstverlening werkje mee aan het beheer van gebouwen, de logistiek en catering. Je hebt dan een afwisselende baan in bijvoorbeeld een schoolgebouw, verzorgingstehuis, woon- zorgcentrum, dagactiviteitencentrum of op een kantoor.</p>\r\n<p class=\"Bodytext20\" style=\"margin-bottom: 0.0001pt; text-indent: 0cm; background-image: initial; background-position: initial; background-size: initial; background-repeat: initial; background-attachment: initial; background-origin: initial; background-clip: initial;\">In het profieldeel Medewerker Sport &amp; Recreatie heb jij in een attractiepark, fitnesscentrum, zwembad, vakantiepark of outdoor-bedrijf een doel: zorgen dat mensen het er naar hun zin hebben! Je begeleidt gasten, helpt bij sportieve activiteiten en soms ook de catering, houdt alles netjes en doet veel meer.</p>\r\n</td>\r\n</tr>\r\n</tbody>\r\n</table>\r\n</div>\r\n<p><!-- [if !supportTextWrap]--><br clear=\"ALL\" /><!--[endif]--></p>'),
(81, '<p style=\"font-family: -webkit-standard;\">Bedrijven, organisaties en overheden zijn voortdurend bezig (nieuwe) klanten te infor- meren en te overtuigen. Als medewerker marketing &amp; communicatie ben jij de specialist die ze daarbij helpt. Je bent een echte duizendpoot. Je doet bijvoorbeeld&nbsp;</p>\r\n<p style=\"font-family: -webkit-standard;\">marktonderzoek, bedenkt reclamecampagnes en online marketingacties, organiseert evenementen, schrijft teksten voor de website en denkt na over promotiemateriaal. Het leuke aan dit werk is dat je soms adviseert en soms juist heel praktisch bezig bent.</p>'),
(82, '<p><span style=\"font-family: Times;\">Laptops, telefoons, routers, robots en drones: met dit soort devices hou jij je bezig ais allround medewerker in de IT. Je werkt op de IT-afdeling van een bedrijf en werkt mee aan een constant en optimaal werkende IT-infrastructuur en goedwerkende devices. Wat dat inhoudt? Ten eerste zorg je voor het aanleggen, installeren en configureren van hardware. Belangrijk is dat je klantgericht werkt, want vaak ios je problemen voor werknemers van het bedrijf op.</span></p>\r\n<p><span style=\"font-family: Times;\">Routers en switches hebben voor jou geen geheimen; jij legt zonder problemen ver- bindingen aan. Is er een storing in het bedrijf? Dan losje deze op of schakel je eventueel een meer gespecialiseerde professional in. Ten tweede weet jij ook veel af van devices als telefoons, tablets, laptops, drones, sterk geautomatiseerde machines en robots. Jij plaatst, monteert, installeert, configureert of repareert deze apparaten. Je krijgt te maken met verschillende systemen, zoals Linux, Windows, Android en iOS.</span></p>'),
(83, '<p style=\"font-family: \'Times New Roman\';\">Instroommogelijkheden</p>\r\n<p style=\"font-family: \'Times New Roman\';\">Onze mbo-opleidingen sluiten aan op het voort- gezet onderwijs (zoals vmbo en havo). Er zijn vier niveaus in het mbo, varierend van niveau 1 (entreeopleidingen, waarin je wordt voorbereid op assisterende functies op de arbeidsmarkt) tot en met niveau 4 (voor functies waarin je zelfstandig werkt en zetf leiding kunt geven). Welk niveau je kunt volgen, hangt af van je vooropleiding (zie hiervoor het schema boven- aan de pagina). Soms zijn ook bepaalde vakken gewenst.</p>\r\n<p style=\"font-family: \'Times New Roman\';\">Binnen Landstede Groep doeje je entreeopleiding bij StartCollege. Kijk voor die opleidingsinformatie op start-college.nl.</p>\r\n<p style=\"font-family: \'Times New Roman\';\">Bij Landstede MBO kun je twee zogenaamde specialistenopleidingen volgen, namelijk Vakman-Ondernemer en Leidinggevende Team/Afdeling/Project. Dit zijn niveau 4 opleidingen waarop je kunt instromen met een afgeronde mbo-opleiding op niveau 3 of 4.</p>\r\n<p style=\"font-family: \'Times New Roman\';\">Aanmelden</p>\r\n<p style=\"font-family: \'Times New Roman\';\">Binds 1 augustus 2017 is er een landelijk toelatingsrecht voor studenten die zich aanmelden voor een mbo-opleiding. Als je je uiterlijk op 1 aprit aanmeldt, kun je geplaatst worden in de opteiding van je eerste keuze. Voorwaarde is wel dat je voldoet aan de juiste vooropleidingseis, eventueel aanvullende toelatingseisen en dat je meedoet aan de verplichte intakeactiviteiten.</p>\r\n<p style=\"font-family: \'Times New Roman\';\">Weet je nog niet precies wat je wilt en wil je je eerst beter orienteren, vraag dan tijdig een studiekeuzegesprek aan. Nadat je je hebt aangemeld voor een opleiding, ontvang je een uitnodiging voor het plaatsingsgesprek. Tijdens dit gesprek bekijken we samen met jou of de opleiding die je wilt doen ook het beste bij je past.</p>\r\n<p style=\"font-family: \'Times New Roman\';\">Natuurlijk doen we ook ons uiterste best voor je alsje je na 1 april hebt aangemeld. Ook dan gaan we zo snel mogelijk met je in gesprek om te kijken welke opleiding het beste past bij jouw ideeen en talenten. En dat kan nog steeds de opleiding van je eerste keuze zijn.</p>\r\n<p style=\"font-family: \'Times New Roman\';\">Wil je meer weten over het toelatingsrecht, over opleidingen met aanvullende toelatingseisen of opleidingen met een beperkt aantal plekken? Kijk dan op onze website: landstedembo.nl/aannamebeleid.</p>\r\n<p style=\"font-family: \'Times New Roman\';\">BOL/BBL?</p>\r\n<p style=\"font-family: \'Times New Roman\';\">Als je voor een mbo-opleiding kiest, dan kom je de afkortingen BOL en/of BBL tegen.</p>\r\n<p style=\"font-family: \'Times New Roman\';\">BOL (beroepsopleidende leerweg) is school + stage. Je gaat overdag naar school en je volgt een deel van je opleiding in de praktijk, bijvoorbeeld door stages en opdrachten.</p>\r\n<p style=\"font-family: \'Times New Roman\';\">BBL (beroepsbegeleidende leerweg) is werken + leren. Je hebt een betaalde baan van minimaal 16-24 uur per week (afhankelijk van je opleiding) bij een erkend leerbedrijf. Daarnaast ga je minstens een dag per week naar school.</p>\r\n<p style=\"font-family: \'Times New Roman\';\">niveau 2</p>\r\n<p style=\"font-family: \'Times New Roman\';\">Dienstverlening</p>\r\n<p style=\"font-family: \'Times New Roman\';\">HELPENDE ZORG &amp; WELZIJN MEDEWERKER FACILITAIRE DIENSTVERLENING MEDEWERKER SPORT &amp; RECREATE</p>\r\n<p style=\"font-family: \'Times New Roman\';\">Vind je het leuk om mensen te helpen en praktisch bezig te zijn? Dan ben je bij de opleiding Dienstverlening aan het juiste adres. Deze opleiding heeft een algemene startperiode en daarna kies je een van deze profielen: Helpende Zorg &amp; Welzijn, Medewerker Facilitaire Dienstverlening of Medewerker Sport &amp; Recreatie.</p>\r\n<p style=\"font-family: \'Times New Roman\';\">In het profieldeel Helpende Zorg &amp; Welzijn help je kinderen, volwassenen, ouderen of mensen met een beperking. Je doet dat bij mensen thuis, maar soms ook in een ver- zorgingstehuis, op een basisschool of in de kinderopvang. Je werkt bijvoorbeeld mee aan het voorbereiden van activiteiten of de administratie.</p>\r\n<p style=\"font-family: \'Times New Roman\';\">In het profieldeel Facilitaire Dienstverlening werkje mee aan het beheer van gebouwen, de logistiek en catering. Je hebt dan een afwisselende baan in bijvoorbeeld een schoolgebouw, verzorgingstehuis, woon- zorgcentrum, dagactiviteitencentrum of op een kantoor.</p>\r\n<p style=\"font-family: \'Times New Roman\';\">In het profieldeel Medewerker Sport &amp; Recreatie heb jij in een attractiepark, fitnesscentrum, zwembad, vakantiepark of outdoor-bedrijf een doel: zorgen dat mensen het er naar hun zin hebben! Je begeleidt gasten, helpt bij sportieve activiteiten en soms ook de catering, houdt alles netjes en doet veel meer</p>');
INSERT INTO `content` (`id`, `content`) VALUES
(84, '<div>\r\n<table width=\"228\" cellspacing=\"0\" cellpadding=\"0\">\r\n<tbody>\r\n<tr>\r\n<td style=\"padding: 0cm;\" align=\"left\" valign=\"top\" height=\"740\">\r\n<p class=\"Bodytext40\" style=\"background-image: initial; background-position: initial; background-size: initial; background-repeat: initial; background-attachment: initial; background-origin: initial; background-clip: initial;\">Instroommogelijkheden</p>\r\n<p class=\"Bodytext20\" style=\"text-indent: 0cm; background-image: initial; background-position: initial; background-size: initial; background-repeat: initial; background-attachment: initial; background-origin: initial; background-clip: initial;\">Onze mbo-opleidingen sluiten aan op het voort- gezet onderwijs (zoals vmbo en havo). Er zijn vier niveaus in het mbo, varierend van niveau 1 (entreeopleidingen, waarin je wordt voorbereid op assisterende functies op de arbeidsmarkt) tot en met niveau 4 (voor functies waarin je zelfstandig werkt en zetf leiding kunt geven). Welk niveau je kunt volgen, hangt af van je vooropleiding (zie hiervoor het schema boven- aan de pagina). Soms zijn ook bepaalde vakken gewenst.</p>\r\n<p class=\"Bodytext20\" style=\"text-indent: 0cm; background-image: initial; background-position: initial; background-size: initial; background-repeat: initial; background-attachment: initial; background-origin: initial; background-clip: initial;\">Binnen Landstede Groep doeje je entreeopleiding bij StartCollege. Kijk voor die opleidingsinformatie op start-college.nl.</p>\r\n<p class=\"Bodytext20\" style=\"text-indent: 0cm; background-image: initial; background-position: initial; background-size: initial; background-repeat: initial; background-attachment: initial; background-origin: initial; background-clip: initial;\">Bij Landstede MBO kun je twee zogenaamde specialistenopleidingen volgen, namelijk Vakman-Ondernemer en Leidinggevende Team/Afdeling/Project. Dit zijn niveau 4 opleidingen waarop je kunt instromen met een afgeronde mbo-opleiding op niveau 3 of 4.</p>\r\n<p class=\"Bodytext40\" style=\"line-height: 12.95pt; background-image: initial; background-position: initial; background-size: initial; background-repeat: initial; background-attachment: initial; background-origin: initial; background-clip: initial;\">Aanmelden</p>\r\n<p class=\"Bodytext20\" style=\"margin-bottom: 0.0001pt; text-indent: 0cm; background-image: initial; background-position: initial; background-size: initial; background-repeat: initial; background-attachment: initial; background-origin: initial; background-clip: initial;\">Binds 1 augustus 2017 is er een landelijk toelatingsrecht voor studenten die zich aanmelden voor een mbo-opleiding. Als je je uiterlijk op 1 aprit aanmeldt, kun je geplaatst worden in de opteiding van je eerste keuze. Voorwaarde is wel dat je voldoet aan de juiste vooropleidingseis, eventueel aanvullende toelatingseisen en dat je meedoet aan de verplichte intakeactiviteiten.</p>\r\n</td>\r\n</tr>\r\n</tbody>\r\n</table>\r\n</div>\r\n<p><!-- [if !supportTextWrap]--><br clear=\"ALL\" /><!--[endif]--></p>\r\n<div>\r\n<table width=\"230\" cellspacing=\"0\" cellpadding=\"0\">\r\n<tbody>\r\n<tr>\r\n<td style=\"padding: 0cm;\" align=\"left\" valign=\"top\" height=\"742\">\r\n<p class=\"Bodytext20\" style=\"text-indent: 0cm; background-image: initial; background-position: initial; background-size: initial; background-repeat: initial; background-attachment: initial; background-origin: initial; background-clip: initial;\">Weet je nog niet precies wat je wilt en wil je je eerst beter orienteren, vraag dan tijdig een studiekeuzegesprek aan. Nadat je je hebt aangemeld voor een opleiding, ontvang je een uitnodiging voor het plaatsingsgesprek. Tijdens dit gesprek bekijken we samen met jou of de opleiding die je wilt doen ook het beste bij je past.</p>\r\n<p class=\"Bodytext20\" style=\"text-indent: 0cm; background-image: initial; background-position: initial; background-size: initial; background-repeat: initial; background-attachment: initial; background-origin: initial; background-clip: initial;\">Natuurlijk doen we ook ons uiterste best voor je alsje je na 1 april hebt aangemeld. Ook dan gaan we zo snel mogelijk met je in gesprek om te kijken welke opleiding het beste past bij jouw ideeen en talenten. En dat kan nog steeds de opleiding van je eerste keuze zijn.</p>\r\n<p class=\"Bodytext20\" style=\"text-indent: 0cm; background-image: initial; background-position: initial; background-size: initial; background-repeat: initial; background-attachment: initial; background-origin: initial; background-clip: initial;\">Wil je meer weten over het toelatingsrecht, over opleidingen met aanvullende toelatingseisen of opleidingen met een beperkt aantal plekken? Kijk dan op onze website: landstedembo.nl/aannamebeleid.</p>\r\n<p class=\"Bodytext40\" style=\"line-height: 12.95pt; background-image: initial; background-position: initial; background-size: initial; background-repeat: initial; background-attachment: initial; background-origin: initial; background-clip: initial;\">BOL/BBL?</p>\r\n<p class=\"Bodytext20\" style=\"margin-bottom: 0.0001pt; text-indent: 0cm; background-image: initial; background-position: initial; background-size: initial; background-repeat: initial; background-attachment: initial; background-origin: initial; background-clip: initial;\">Als je voor een mbo-opleiding kiest, dan kom je de afkortingen BOL en/of BBL tegen.</p>\r\n<p class=\"Bodytext20\" style=\"margin-bottom: 0.0001pt; text-indent: 0cm; background-image: initial; background-position: initial; background-size: initial; background-repeat: initial; background-attachment: initial; background-origin: initial; background-clip: initial;\">BOL (beroepsopleidende leerweg) is school + stage. Je gaat overdag naar school en je volgt een deel van je opleiding in de praktijk, bijvoorbeeld door stages en opdrachten.</p>\r\n<p class=\"Bodytext20\" style=\"margin-bottom: 0.0001pt; text-indent: 0cm; background-image: initial; background-position: initial; background-size: initial; background-repeat: initial; background-attachment: initial; background-origin: initial; background-clip: initial;\">BBL (beroepsbegeleidende leerweg) is werken + leren. Je hebt een betaalde baan van minimaal 16-24 uur per week (afhankelijk van je opleiding) bij een erkend leerbedrijf. Daarnaast ga je minstens een dag per week naar school.</p>\r\n</td>\r\n</tr>\r\n</tbody>\r\n</table>\r\n</div>\r\n<p><!-- [if !supportTextWrap]--><br clear=\"ALL\" /><!--[endif]--></p>\r\n<div>\r\n<table cellspacing=\"0\" cellpadding=\"0\">\r\n<tbody>\r\n<tr>\r\n<td style=\"padding: 0cm;\" align=\"left\" valign=\"top\">\r\n<p class=\"Heading20\" style=\"margin: 0cm 0cm 0.0001pt 83pt; background-image: initial; background-position: initial; background-size: initial; background-repeat: initial; background-attachment: initial; background-origin: initial; background-clip: initial;\"><a name=\"bookmark0\"></a>niveau <span class=\"Heading2105ptNotBold\"><span style=\"font-size: 10.5pt; mso-ansi-language: NL;\">2</span></span></p>\r\n</td>\r\n</tr>\r\n</tbody>\r\n</table>\r\n</div>\r\n<p><!-- [if !supportTextWrap]--><br clear=\"ALL\" /><!--[endif]--></p>\r\n<div>\r\n<table width=\"217\" cellspacing=\"0\" cellpadding=\"0\">\r\n<tbody>\r\n<tr>\r\n<td style=\"padding: 0cm;\" align=\"left\" valign=\"top\" height=\"103\">\r\n<p class=\"Picturecaption20\" style=\"background-image: initial; background-position: initial; background-size: initial; background-repeat: initial; background-attachment: initial; background-origin: initial; background-clip: initial;\">Dienstverlening</p>\r\n<p class=\"Picturecaption0\" style=\"background-image: initial; background-position: initial; background-size: initial; background-repeat: initial; background-attachment: initial; background-origin: initial; background-clip: initial;\">HELPENDE ZORG &amp; WELZIJN MEDEWERKER FACILITAIRE DIENSTVERLENING MEDEWERKER SPORT &amp; RECREATE</p>\r\n</td>\r\n</tr>\r\n</tbody>\r\n</table>\r\n</div>\r\n<p><!-- [if !supportTextWrap]--><br clear=\"ALL\" /><!--[endif]--></p>\r\n<div>\r\n<table width=\"221\" cellspacing=\"0\" cellpadding=\"0\">\r\n<tbody>\r\n<tr>\r\n<td style=\"padding: 0cm;\" align=\"left\" valign=\"top\" height=\"368\">\r\n<p class=\"Bodytext20\" style=\"margin-bottom: 13.2pt; text-indent: 0cm; line-height: 12.7pt; background-image: initial; background-position: initial; background-size: initial; background-repeat: initial; background-attachment: initial; background-origin: initial; background-clip: initial;\">Vind je het leuk om mensen te helpen en praktisch bezig te zijn? Dan ben je bij de opleiding Dienstverlening aan het juiste adres. Deze opleiding heeft een algemene startperiode en daarna kies je een van deze profielen: Helpende Zorg &amp; Welzijn, Medewerker Facilitaire Dienstverlening of Medewerker Sport &amp; Recreatie.</p>\r\n<p class=\"Bodytext20\" style=\"margin: 0cm 8pt 0.0001pt 0cm; text-align: justify; text-indent: 0cm; line-height: 12.5pt; background-image: initial; background-position: initial; background-size: initial; background-repeat: initial; background-attachment: initial; background-origin: initial; background-clip: initial;\">In het profieldeel Helpende Zorg &amp; Welzijn help je kinderen, volwassenen, ouderen of mensen met een beperking. Je doet dat bij mensen thuis, maar soms ook in een ver- zorgingstehuis, op een basisschool of in de kinderopvang. Je werkt bijvoorbeeld mee aan het voorbereiden van activiteiten of de administratie.</p>\r\n</td>\r\n</tr>\r\n</tbody>\r\n</table>\r\n</div>\r\n<p><!-- [if !supportTextWrap]--><br clear=\"ALL\" /><!--[endif]--></p>\r\n<div>\r\n<table width=\"226\" cellspacing=\"0\" cellpadding=\"0\">\r\n<tbody>\r\n<tr>\r\n<td style=\"padding: 0cm;\" align=\"left\" valign=\"top\" height=\"351\">\r\n<p class=\"Bodytext20\" style=\"text-indent: 0cm; background-image: initial; background-position: initial; background-size: initial; background-repeat: initial; background-attachment: initial; background-origin: initial; background-clip: initial;\">In het profieldeel Facilitaire Dienstverlening werkje mee aan het beheer van gebouwen, de logistiek en catering. Je hebt dan een afwisselende baan in bijvoorbeeld een schoolgebouw, verzorgingstehuis, woon- zorgcentrum, dagactiviteitencentrum of op een kantoor.</p>\r\n<p class=\"Bodytext20\" style=\"margin-bottom: 0.0001pt; text-indent: 0cm; background-image: initial; background-position: initial; background-size: initial; background-repeat: initial; background-attachment: initial; background-origin: initial; background-clip: initial;\">In het profieldeel Medewerker Sport &amp; Recreatie heb jij in een attractiepark, fitnesscentrum, zwembad, vakantiepark of outdoor-bedrijf een doel: zorgen dat mensen het er naar hun zin hebben! Je begeleidt gasten, helpt bij sportieve activiteiten en soms ook de catering, houdt alles netjes en doet veel meer.</p>\r\n</td>\r\n</tr>\r\n</tbody>\r\n</table>\r\n</div>\r\n<p><!-- [if !supportTextWrap]--><br clear=\"ALL\" /><!--[endif]--></p>'),
(85, '<p style=\"font-family: -webkit-standard;\">Als eerste verkoper heb je een veelzijdige baan met veel zelfstandigheid, waarin je je commerciele talent kunt laten zien! Je houdt je bezig met het bestellen van goederen, het op orde houden van het magazijn, het inrichten en netjes houden van de winkel en natuurlijk de verkoop. Ook denk je mee over&nbsp;</p>\r\n<p style=\"font-family: -webkit-standard;\">de beste manier om de producten te presenteren en over de samenstelling van het assortiment, de diefstalbestrijding, personeelszaken en klantenservice. Vender houd je je bezig met het begeleiden en aansturen van collega&rsquo;s.</p>'),
(86, '<p style=\"font-family: Times;\">Wil jij samen met cdlega&rsquo;s werken aan een goede IT-infrastructuur van een bedrijf? Je bezighouden met bet verbeteren van applicaties en devices en het beveiiigen van computersystemen? Dan is deze opleiding iets voor jou. Als expert IT-systems and devices werk je op de ICT-afdeling van een organisatie. Jij kunt met een helikopterview over de organisatie kijken en ziet zo waar hulp nodig is.</p>\r\n<p style=\"font-family: Times;\">Je beheert de IT-infrastructuur, applicaties en devices. Jouw doel is om al deze systemen zo goed mogelijk te beveiligen.</p>\r\n<p style=\"font-family: Times;\">Hier geef je ook regelmatig advies over. Is er sprake van een cybersecurityaanval, dan weet jij precies wat je moet doen. Het zal daarnaast regelmatig voorkomen dat er een opdracht voor je binnenkomt met betrekking tot het aanpassen of verbeteren van de IT-infrastructuur of applicaties. Aan jou de taak om de wensen van de opdrachtgever goed te vertalen. Jij weet zoveel van databases, programmeren, verschillende devices en besturingssystemen, dat dit voor jou geen probleem is.</p>'),
(87, '<p style=\"font-family: -webkit-standard;\">Durf jij het aan om leiding te geven aan een filiaal van een (landelijke) winkelketen? Als manager retail ben jij ervoor verantwoorde- lijk dat deze vestiging goed draait, voldoende winst maakt en inspeelt op de lokale situatie. Om dat voor elkaar te krijgen moet je aan veel zaken denken: zorgen dat er opgeleide&nbsp;</p>\r\n<p style=\"font-family: -webkit-standard;\">en gemotiveerde medewerkers zijn, dat artikelen een perfecte presentatie in de winkel hebben, je bestellingen op tijd geplaatst zijn en de voorraad op orde is. En natuurlijk zorgje ervoor dat alles op hoog niveau is op commercieel gebied en wat betreft klantgerichtheid.</p>'),
(88, '<p style=\"font-family: \'Times New Roman\';\">Instroommogelijkheden</p>\r\n<p style=\"font-family: \'Times New Roman\';\">Onze mbo-opleidingen sluiten aan op het voort- gezet onderwijs (zoals vmbo en havo). Er zijn vier niveaus in het mbo, varierend van niveau 1 (entreeopleidingen, waarin je wordt voorbereid op assisterende functies op de arbeidsmarkt) tot en met niveau 4 (voor functies waarin je zelfstandig werkt en zetf leiding kunt geven). Welk niveau je kunt volgen, hangt af van je vooropleiding (zie hiervoor het schema boven- aan de pagina). Soms zijn ook bepaalde vakken gewenst.</p>\r\n<p style=\"font-family: \'Times New Roman\';\">Binnen Landstede Groep doeje je entreeopleiding bij StartCollege. Kijk voor die opleidingsinformatie op start-college.nl.</p>\r\n<p style=\"font-family: \'Times New Roman\';\">Bij Landstede MBO kun je twee zogenaamde specialistenopleidingen volgen, namelijk Vakman-Ondernemer en Leidinggevende Team/Afdeling/Project. Dit zijn niveau 4 opleidingen waarop je kunt instromen met een afgeronde mbo-opleiding op niveau 3 of 4.</p>\r\n<p style=\"font-family: \'Times New Roman\';\">Aanmelden</p>\r\n<p style=\"font-family: \'Times New Roman\';\">Binds 1 augustus 2017 is er een landelijk toelatingsrecht voor studenten die zich aanmelden voor een mbo-opleiding. Als je je uiterlijk op 1 aprit aanmeldt, kun je geplaatst worden in de opteiding van je eerste keuze. Voorwaarde is wel dat je voldoet aan de juiste vooropleidingseis, eventueel aanvullende toelatingseisen en dat je meedoet aan de verplichte intakeactiviteiten.</p>\r\n<p style=\"font-family: \'Times New Roman\';\">Weet je nog niet precies wat je wilt en wil je je eerst beter orienteren, vraag dan tijdig een studiekeuzegesprek aan. Nadat je je hebt aangemeld voor een opleiding, ontvang je een uitnodiging voor het plaatsingsgesprek. Tijdens dit gesprek bekijken we samen met jou of de opleiding die je wilt doen ook het beste bij je past.</p>\r\n<p style=\"font-family: \'Times New Roman\';\">Natuurlijk doen we ook ons uiterste best voor je alsje je na 1 april hebt aangemeld. Ook dan gaan we zo snel mogelijk met je in gesprek om te kijken welke opleiding het beste past bij jouw ideeen en talenten. En dat kan nog steeds de opleiding van je eerste keuze zijn.</p>\r\n<p style=\"font-family: \'Times New Roman\';\">Wil je meer weten over het toelatingsrecht, over opleidingen met aanvullende toelatingseisen of opleidingen met een beperkt aantal plekken? Kijk dan op onze website: landstedembo.nl/aannamebeleid.</p>\r\n<p style=\"font-family: \'Times New Roman\';\">BOL/BBL?</p>\r\n<p style=\"font-family: \'Times New Roman\';\">Als je voor een mbo-opleiding kiest, dan kom je de afkortingen BOL en/of BBL tegen.</p>\r\n<p style=\"font-family: \'Times New Roman\';\">BOL (beroepsopleidende leerweg) is school + stage. Je gaat overdag naar school en je volgt een deel van je opleiding in de praktijk, bijvoorbeeld door stages en opdrachten.</p>\r\n<p style=\"font-family: \'Times New Roman\';\">BBL (beroepsbegeleidende leerweg) is werken + leren. Je hebt een betaalde baan van minimaal 16-24 uur per week (afhankelijk van je opleiding) bij een erkend leerbedrijf. Daarnaast ga je minstens een dag per week naar school.</p>\r\n<p style=\"font-family: \'Times New Roman\';\">niveau 2</p>\r\n<p style=\"font-family: \'Times New Roman\';\">Dienstverlening</p>\r\n<p style=\"font-family: \'Times New Roman\';\">HELPENDE ZORG &amp; WELZIJN MEDEWERKER FACILITAIRE DIENSTVERLENING MEDEWERKER SPORT &amp; RECREATE</p>\r\n<p style=\"font-family: \'Times New Roman\';\">Vind je het leuk om mensen te helpen en praktisch bezig te zijn? Dan ben je bij de opleiding Dienstverlening aan het juiste adres. Deze opleiding heeft een algemene startperiode en daarna kies je een van deze profielen: Helpende Zorg &amp; Welzijn, Medewerker Facilitaire Dienstverlening of Medewerker Sport &amp; Recreatie.</p>\r\n<p style=\"font-family: \'Times New Roman\';\">In het profieldeel Helpende Zorg &amp; Welzijn help je kinderen, volwassenen, ouderen of mensen met een beperking. Je doet dat bij mensen thuis, maar soms ook in een ver- zorgingstehuis, op een basisschool of in de kinderopvang. Je werkt bijvoorbeeld mee aan het voorbereiden van activiteiten of de administratie.</p>\r\n<p style=\"font-family: \'Times New Roman\';\">In het profieldeel Facilitaire Dienstverlening werkje mee aan het beheer van gebouwen, de logistiek en catering. Je hebt dan een afwisselende baan in bijvoorbeeld een schoolgebouw, verzorgingstehuis, woon- zorgcentrum, dagactiviteitencentrum of op een kantoor.</p>\r\n<p style=\"font-family: \'Times New Roman\';\">In het profieldeel Medewerker Sport &amp; Recreatie heb jij in een attractiepark, fitnesscentrum, zwembad, vakantiepark of outdoor-bedrijf een doel: zorgen dat mensen het er naar hun zin hebben! Je begeleidt gasten, helpt bij sportieve activiteiten en soms ook de catering, houdt alles netjes en doet veel meer</p>'),
(89, '<p><span style=\"font-family: Times;\">Software ontwikkelen: lijkt jou dat wel wat? Tijdens deze opleiding word je helemaal klaargestoomd tot software developer. Als software-ontwikkelaar maak je software voor verschidende apparaten, zoals computers, telefoons of tablets. Aan wat voor software moet je dan denken? Nou, bijvoorbeeld de voorkant of achterkant van websites, apps of programma\'s. Maar denk ook aan games, apps en software voor medische of andere specialistische bedrijven.</span></p>\r\n<p><span style=\"font-family: Times;\">Processen worden in veel bedrijven steeds meer geautomatiseerd door middel van software, dus je kan je werk bij veel ver- schillende organisaties uitvoeren. Niet alleen in de Industrie is dit steeds meer nodig, maar bijvoorbeeld ook binnen de zorg of de creatieve sector. Daarbij spelen algoritmes, netwerktechnologie en datastructuren een steeds grotere rol. Met jouw baan heb je dus het oog op de toekomst.</span></p>'),
(90, '<p style=\"font-family: -webkit-standard;\">Droom je ervan straks je eigen retailonder- neming, bijvoorbeeld een winkel of webshop, te beginnen? Dan is een goede voorbereiding geen overbodige luxe. Als ondernemer retail moet je je namelijk met behoorlijk wat zaken bezighouden. De commerdele kant, de finan- ciele aspecten, de organisatie, het personeel, de logistiek... Alles weet jij tot in de puntjes&nbsp;</p>\r\n<p style=\"font-family: -webkit-standard;\">te regelen. JG zorgt voor een mooie en winstgevende retailonderneming en je weet ktanten aan je te binden. Je zorgt vender voor een network om je positie op de markt te versterken. Je onderhoudt hiervoor contacten met verschillende spelers op de markt.</p>'),
(91, '<p style=\"font-family: \'Times New Roman\';\">Binnen de opieiding Verzorgende Individuele Gezondheidszorg kun je je specialiseren in de volgende profielen:</p>\r\n<p style=\"font-family: \'Times New Roman\';\">&bull; Verpleeg- en Verzorgingshuizen en Thuiszorg (VVT)</p>\r\n<p style=\"font-family: \'Times New Roman\';\">&bull; Gehandicaptenzorg (GHZ)</p>\r\n<p style=\"font-family: \'Times New Roman\';\">&bull; Geestelijke Gezondheidszorg (GGZ)</p>\r\n<p style=\"font-family: \'Times New Roman\';\">&bull; Kraamzorg (KZ)</p>\r\n<p style=\"font-family: \'Times New Roman\';\">Als verzorgende individuele gezondheidszorg ben jij er voor de gezond- heid en het weizijn van een client. Mensen blijven steeds langer thuis wonen. Ze moeten daardoor langer de regie over hun eigen (even houden. Jij helpt ze daarbij. Je takenpakket is breed: van het geven van een injectie, het wassen van de zorgvrager tot het zorgen voor eten en drinken. Je bent er bovendien voor sociale en emotionele pro- blemen. Het kan dus zijn dat je zorgt voor een goede daginvulling van je zorgvrager. Voor elke zorgvrager maak je een zorgplan, waarin je aangeeft wat de problemen zijn en welke hulp er verleend moet worden.</p>\r\n<p style=\"font-family: \'Times New Roman\';\">Je kunt werken met zieke mensen, mensen die moeten herstellen, ouderen, gehandi- capten, mensen met psychiatrische problemen, kraamvrouwen en andere doelgroepen. Dit doe je bijvoorbeeld in een verzorgingshuis, installing voor psychiatrie of verslavingszorg, woonvormen voor gehandicapten of in de wijk thuis bij zorg- vragers. Je werkt zelfstandig en werkt ook veel samen met college\'s, artsen, ouders, de partner of familie van je zorgvrager die bij de zorg betrokken zijn.</p>\r\n<p style=\"font-family: \'Times New Roman\';\">Verpleeg- en Verzorgingshuizen en Thuiszorg (VVT)</p>\r\n<p style=\"font-family: \'Times New Roman\';\">Je specialiseert je in het werken met mensen die zelf de regie over hun leven moeten nemen. Of die beter voor zichzelf moeten leren zorgen. Of die begeleiding nodig hebben bij beschermd wonen. Je doet dit voor mensen van alle leeftijden, zowel individueel als in een groep. Je betrekt daarbij mantelzorgers en andere zorgverleners.</p>\r\n<p style=\"font-family: \'Times New Roman\';\">Gehandicaptenzorg (GHZ)</p>\r\n<p style=\"font-family: \'Times New Roman\';\">Je werkt met mensen die een verstandelijke beperking hebben. Daarnaast hebben ze mogelijk nog een lichamelijke handicap en/of (ernstige) gedragsproblemen. Zorgvragers wonen zelfstandig, maar soms ook begeleid of in een installing.</p>\r\n<p style=\"font-family: \'Times New Roman\';\">Geestelijke Gezondheidszorg (GGZ)</p>\r\n<p style=\"font-family: \'Times New Roman\';\">Je geeft (basis)zorg en hulp aan mensen met een mogelijk complexe psychosociale stoornis, een psychiatrische stoornis of een verslaving. Je controleert bijvoorbeeld het medicijngebruik, grijpt in bij conflicten en verleent bij crisissituaties de eerste noodzakelijke zorg. Je moet geduldig zijn en mensen van alle leeftijden individueel of in groepsverband begeleiden.</p>\r\n<p style=\"font-family: \'Times New Roman\';\">Kraamzorg</p>\r\n<p style=\"font-family: \'Times New Roman\';\">Je assisteert de verloskundige bij de bevalling. Je verzorgt de moeder en de baby. Dat doeje met hygienische, lichamelijke zorg, maar ook met voorlichting en informatie. Bijvoorbeeld over het voeden en verzorgen van de baby. Ook leer je een jong gezin omgaan met de nieuwe situatie.</p>\r\n<p style=\"font-family: \'Times New Roman\';\">Zie pagina 4 voor de instroom- mogelijkheden en het aanmelden.</p>\r\n<p style=\"font-family: \'Times New Roman\';\">Vervolgopleiding</p>\r\n<p style=\"font-family: \'Times New Roman\';\">&bull; Mbo-Verpleegkundige (niveau 4)</p>\r\n<p style=\"font-family: \'Times New Roman\';\">&bull; Andere mbo-opleidingen op niveau 4, bijvoorbeeld binnen de sector Weizijn</p>\r\n<p style=\"font-family: \'Times New Roman\';\">&bull; Maatschappelijke Zorg</p>\r\n<p style=\"font-family: \'Times New Roman\';\">Kijk op landstedembo.nl voor</p>\r\n<p style=\"font-family: \'Times New Roman\';\">uitgebreide informatie over deze</p>\r\n<p style=\"font-family: \'Times New Roman\';\">opieiding en het beroep.</p>'),
(92, '<p><span style=\"font-family: Times;\">Alle organisaties moeten hun boekhouding perfect op orde hebben. Alleen dan kunnen ze bijvoorbeeld nagaan of ze winst of verlies maken. En bepalen op welke manier ze beter met het geld kunnen omgaan. Jij helpt hen dat inzicht te krijgen. Je voert gegevens in, beheert geld en archiveert belangrijke documenten. Je houdt bij van wie jouw organisatie of jouw klant geld tegoed heeft.</span></p>\r\n<p><span style=\"font-family: Times;\">En andersom: aan wie nog moet worden betaald. Financieel administratief medewerkers zijn nodig in alle branches. Na deze opleiding kun je aan de slag op de financiele administratie van een bedrijf of bij de overheid. Maar je kunt ook werken bij een administratiekantoor, waar je dan werkt voor verschillende klanten.</span></p>'),
(93, '<p style=\"font-family: \'Times New Roman\';\">Tractors, combines, hakselaars, oogstmachines, heftrucks, shovels en quads... Vind jij de techniek van deze machines interessant? Hou je van sleutelen, maar lijkt het je ook leuk om in een werkplaats de reparatie- en onderhoudswerkzaamheden te plannen, offertes te maken en contacten met klanten te onderhouden? Kies dan voor de opleiding Technicus Mobiele Werktuigen.</p>\r\n<p style=\"font-family: \'Times New Roman\';\">Je hebt technische kennis van mobiele werktuigen en weet hoe je ze moet onderhouden, aanpassen en repareren. Die kennis breng je over op anderen, jij bent tenslotte de specialist. Je begeleidt en controleert het werk van de (allround) monteurs en ondersteunt de allround monteur bij het adviseren van de klant. Ook stel je offertes op, maakje kostenberekeningen en onderhoud je contacten met leveranciers en afnemers. Na deze opleiding kun je aan het werk bij een mechanisatiebedrijf, machinefabrikant, machinegroothandel of garages. Met deze opleiding krijgjij het overzicht in de werkplaats. Door bijscholing kun je na een paar jaar doorgroeien tot vestigingsleider.</p>'),
(94, '<p style=\"font-family: \'Times New Roman\';\">Binnen de opleiding Mbo-Verpleegkundige kun je je specialiseren met deze vier profielen:</p>\r\n<p style=\"font-family: \'Times New Roman\';\">&bull; Ziekenhuis</p>\r\n<p style=\"font-family: \'Times New Roman\';\">&bull; Verpleeg- en Verzorgingshuizen en Thuiszorg (VVT)</p>\r\n<p style=\"font-family: \'Times New Roman\';\">&bull; Geestelijke Gezondheidszorg (GGZ)</p>\r\n<p style=\"font-family: \'Times New Roman\';\">&bull; Gehandicaptenzorg (GHZ)</p>\r\n<p style=\"font-family: \'Times New Roman\';\">Na deze opleiding kun je werken op verschil- lende werkplekken: van een ziekenhuis, ver- pleeghuis, speciale woonvorm tot bij mensen thuis. Je gaat na welke hulp iemand nodig heeft op lichametijk, geestelijk en sociaal- maatschappelijk gebied. Hiervoor maak je een totaalplan. De zorg kan bestaan uit het helpen bij wassen, eten en drinken, het geven van injecties of het verzorgen van wonden. Maar je helpt ook bij psychosociale problemen. Dan zorg je voor ondersteuning, begeleiding, voorlichting of instructies. Het is namelijk soms nodig dat iemand lets moet aanleren om de regie over zijn of haar eigen leven te behouden. Vaak werk je ook samen met de partner of familie van de client, met collega&rsquo;s, artsen en andere zorgspecialisten.</p>\r\n<p style=\"font-family: \'Times New Roman\';\">Als verpleegkundige ben je de spil in het zorgproces. Jij coordineert alle zorg random je client. Daarvoor moet je behoorlijk wat weten en kunnen. Het is dus een brede opleiding, waarin je veel leert en veel prak- tijkervaring opdoet. Je leert precies datgene wat je nodig hebt in de branche waarin jij wilt werken.</p>\r\n<p style=\"font-family: \'Times New Roman\';\">Ziekenhuis</p>\r\n<p style=\"font-family: \'Times New Roman\';\">Als Mbo-Verpleegkundige Ziekenhuis werk je in een ziekenhuis. Je biedt hier zorg en be-geleiding in gemiddelde tot moeilijke zorg- situaties. Je geeft de dagelijkse zorg en helpt ook mee bij een onderzoek of behandeling.</p>\r\n<p style=\"font-family: \'Times New Roman\';\">Je informeert de client goed over de zorg en</p>\r\n<p style=\"font-family: \'Times New Roman\';\">behandeling en helpt hem of haar bij de verwerking van het gezondheidsprobleem.</p>\r\n<p style=\"font-family: \'Times New Roman\';\">Verpleeg- en Verzorgingshuizen en Thuiszorg (VVT)</p>\r\n<p style=\"font-family: \'Times New Roman\';\">Als Mbo-Verpleegkundige Verpleeg- en Verzorgingshuizen en Thuiszorg verzorg en begeleid je clienten in een verpleeghuis, revalidatievoorziening, verzorgingshuis, thuiszorg of een beschermd- of kleinschalig- wonensituatie. Je belangrijkste taak is zorgen dat je client zichzelf gaat of blijft redden en de regie over zijn of haar eigen situatie behoudt. Je hebt daarbij ook veel contact met andere zorgverleners, de partner en familieleden.</p>\r\n<p style=\"font-family: \'Times New Roman\';\">Geestelijke Gezondheidszorg (GGZ)</p>\r\n<p style=\"font-family: \'Times New Roman\';\">Als Mbo-Verpleegkundige Geestelijke Ge-zondheidszorg werk je met mensen die hulp nodig hebben bij psychosociale stoornissen, psychiatrische stoornissen of een verslaving. □e zorg geef je bijvoorbeeld in een instelling, een beschermde woonvoorziening of bij de clienten thuis. De problemen hebben vaak te maken met hun sociale, maatschappelijke situatie. Daarom betrek je meestal ook de partner, familie en anderen bij de zorg.</p>\r\n<p style=\"font-family: \'Times New Roman\';\">Gehandicaptenzorg (GHZ)</p>\r\n<p style=\"font-family: \'Times New Roman\';\">Als Mbo-Verpleegkundige Gehandicaptenzorg werkje met mensen met een beper- king. Je leert omgaan met verschillende doelgroepen zoals clienten met het syndroom van Down, een meervoudig verstandelijke beperking of niet-aangeboren hersenletsel. Je gaat na wat ze aan zorg nodig hebben en beoordeelt wat ze willen en zelf kunnen. Daarna zorg je door verpleegkundige acties dat de clienten hun vaardig- heden behouden of vender ontwikkelen. Je bent meestal ook het aanspreekpunt voor andere zorgverleners en familieleden.</p>'),
(95, '<p><span style=\"font-family: Times;\">Hoe het met een bedrijf of organisatie gaat, wordt weergegeven in cijfers. Het is dus belangrijk dat die gegevens ktoppen. Dankzij jou is dat zo. Alle bonnen en facturen van wat je organisatie inkoopt en verkoopt voer jij in, in het administratiesysteem. Ook con- troteer je of anderen in de organisatie dit goed doen. De meeste organisaties widen eens per maand of per drie maanden weten hoe het er voor staat. Jij presenteert die cijfers en kunt ze ook nog eens goed toelichten.</span></p>\r\n<p style=\"font-family: Times;\">Als bedrijfsadministrateur help je meestal bij het indienen van de aangifte omzetbelasting. Ook houd je vaak in de gaten of klanten hun rekeningen betalen. Gebeurt dit niet, dan denk jij mee over hoe de klant dit alsnog kan doen. Het is de kunst om dat klantvriendelijk te doen: je wilt klanten natuurlijk niet verliezen. Omdat administratie iets is waarmee een hele organisatie te maken heeft, heb jij veel contact met je collega\'s en met managers. Geen organisatie kan zonder een goede administratie. Of het nu een winkel is, een gemeente of een zorg- insteding. Daarom kun je na deze opleiding bij veel verschillende werkgevers terecht.</p>'),
(96, '<p><span style=\"font-family: -webkit-standard;\">In de winkel ben jij het aanspreekpunt voor klanten. Om af te rekenen, voor advies en met vragen of klachten komen ze bij jou. Jij helpt ze dan op een klantvriendelijke en commerciele manier. Want het doel van een winkel is natuurlijk: verkopen! Jij denkt daar constant over na en zorgt voor de ideale inrichting en de presentatie. Je zorgt ervoor dat de winkel schoon is en dat er voldoende voorraad is.</span></p>'),
(97, '<p style=\"font-family: \'Times New Roman\';\">Lichamelijke gezondheid en geestelijke gezondheid hebben veel met elkaar te maken. Ben jij in beide geTnteresseerd? Wil jij mensen op beide fronten tegelijkertijd helpen weer beter te worden? Dan kun je kiezen voor de dubbelkwalificatie Maatschappelijke Zorg en Verzorgende Individuele Gezondheidszorg. Deze driejarige opleiding rond je af met twee mbo-niveau 3-diploma&rsquo;s.</p>\r\n<p style=\"font-family: \'Times New Roman\';\">In deze opleiding doe je eerst het basisjaar MZ/VIG. Aan het eind van dat jaar kies je voor Verzorgende Individuele Gezond</p>\r\n<p style=\"font-family: \'Times New Roman\';\">heidszorg, voor Maatschappelijke Zorg of voor de dubbelkwalificatie. In dat laatste geval kies je bij het VIG-deel voor het profiel Verpleeg- en Verzorgingshuizen en Thuis- zorg (VVT) of het profiel Gehandicaptenzorg (GHZ). Zorg- en welzijnsinstellingen vragen steeds vaker om mensen die beide diploma&rsquo;s hebben, dus met deze unieke dubbelkwalificatie hebje meer kans op de arbeids- markt en op afwisseling in je werk!</p>\r\n<p style=\"font-family: \'Times New Roman\';\">Maatschappelijke Zorg</p>\r\n<p style=\"font-family: \'Times New Roman\';\">Als beroepskracht maatschappelijke zorg geef je persoonlijke begeleiding aan mensen met bijvoorbeeld een ziekte, stoornis, handicap of verslaving. Samen met jouw client probeer je de problemen op te lessen, □at doe je soms individueel en soms in groepen, afhankelijk van waar je werkt. Je kunt bijvoorbeeld aan de slag in een organi- satie of woonvorm, maar je kunt ook begeleiding bieden bij mensen thuis of in een opvangeentrum. Jij bent degene die bekijkt welke zorg of begeleiding nodig is en dit ook regelt.</p>\r\n<p style=\"font-family: \'Times New Roman\';\">Verzorgende Individuele Gezondheidszorg</p>\r\n<p style=\"font-family: \'Times New Roman\';\">Als verzorgende indivic</p>\r\n<p style=\"font-family: \'Times New Roman\';\">zorg werk je met zieke</p>\r\n<p style=\"font-family: \'Times New Roman\';\">moeten herstellen, ouderen, gchandicaplen,</p>\r\n<p style=\"font-family: \'Times New Roman\';\">mensen met psychiatri:</p>\r\n<p style=\"font-family: \'Times New Roman\';\">kraamvrouwen en noer</p>\r\n<p style=\"font-family: \'Times New Roman\';\">bijvoorbeeld in een ver;</p>\r\n<p style=\"font-family: \'Times New Roman\';\">instelling voor psychiat</p>\r\n<p style=\"font-family: \'Times New Roman\';\">woonvormen voor geh;</p>\r\n<p style=\"font-family: \'Times New Roman\';\">zorgvragers. Je takenp,</p>\r\n<p style=\"font-family: \'Times New Roman\';\">het geven van een injec</p>\r\n<p style=\"font-family: \'Times New Roman\';\">je client tot het zorgen</p>\r\n<p style=\"font-family: \'Times New Roman\';\">Een uitgebreidere uitleg c vind je op pagina 7 en 12</p>'),
(98, '<p style=\"font-family: \'Times New Roman\';\">De paardensector groeit nog steeds. Daardoor is er ook meer vraag naar mede- workers met verstand van zaken. Als vakbekwaam medewerker paardensport en -houderij ben jij zo iemand. Jij zorgt dat alles op het bedrijf reilt en zeilt. Je verzorgt de paarden, maar kunt ook klanten en buitenstaanders informeren over deze dieren. Je weet het paard en de bedrijfsmiddelen optimaal in te zetten bij de activiteiten die verricht moeten worden.</p>\r\n<p style=\"font-family: \'Times New Roman\';\">Het paardenbedrijf is veeizijdig. Je managet de paarden, hun voeding en verzorging, inclusief een tijdig bezoek van de hoefsmid of gebitsverzorger. Bovendien leer je om ruiters te zien als klanten. Jij ziet erop toe dat mensen en paarden het samen naar hun zin hebben.</p>\r\n<p style=\"font-family: \'Times New Roman\';\">Tijdens deze opleiding leer je alles om straks als vakbekwaam medewerker paardensport en -houderij aan het werk te kunnen. Je bouwt tijdens je opleiding jouw portfolio op met (praktijk)ervaringen die je hebt opgedaan in de paardenhouderij.</p>'),
(99, '<p style=\"font-family: \'Times New Roman\';\">Binnen de opleiding Mbo-Verpleegkundige kun je je specialiseren met deze vier profielen:</p>\r\n<p style=\"font-family: \'Times New Roman\';\">&bull; Ziekenhuis</p>\r\n<p style=\"font-family: \'Times New Roman\';\">&bull; Verpleeg- en Verzorgingshuizen en Thuiszorg (VVT)</p>\r\n<p style=\"font-family: \'Times New Roman\';\">&bull; Geestelijke Gezondheidszorg (GGZ)</p>\r\n<p style=\"font-family: \'Times New Roman\';\">&bull; Gehandicaptenzorg (GHZ)</p>\r\n<p style=\"font-family: \'Times New Roman\';\">Na deze opleiding kun je werken op verschil- lende werkplekken: van een ziekenhuis, ver- pleeghuis, speciale woonvorm tot bij mensen thuis. Je gaat na welke hulp iemand nodig heeft op lichametijk, geestelijk en sociaal- maatschappelijk gebied. Hiervoor maak je een totaalplan. De zorg kan bestaan uit het helpen bij wassen, eten en drinken, het geven van injecties of het verzorgen van wonden. Maar je helpt ook bij psychosociale problemen. Dan zorg je voor ondersteuning, begeleiding, voorlichting of instructies. Het is namelijk soms nodig dat iemand lets moet aanleren om de regie over zijn of haar eigen leven te behouden. Vaak werk je ook samen met de partner of familie van de client, met collega&rsquo;s, artsen en andere zorgspecialisten.</p>\r\n<p style=\"font-family: \'Times New Roman\';\">Als verpleegkundige ben je de spil in het zorgproces. Jij coordineert alle zorg random je client. Daarvoor moet je behoorlijk wat weten en kunnen. Het is dus een brede opleiding, waarin je veel leert en veel prak- tijkervaring opdoet. Je leert precies datgene wat je nodig hebt in de branche waarin jij wilt werken.</p>\r\n<p style=\"font-family: \'Times New Roman\';\">Ziekenhuis</p>\r\n<p style=\"font-family: \'Times New Roman\';\">Als Mbo-Verpleegkundige Ziekenhuis werk je in een ziekenhuis. Je biedt hier zorg en be-geleiding in gemiddelde tot moeilijke zorg- situaties. Je geeft de dagelijkse zorg en helpt ook mee bij een onderzoek of behandeling.</p>\r\n<p style=\"font-family: \'Times New Roman\';\">Je informeert de client goed over de zorg en</p>\r\n<p style=\"font-family: \'Times New Roman\';\">behandeling en helpt hem of haar bij de verwerking van het gezondheidsprobleem.</p>\r\n<p style=\"font-family: \'Times New Roman\';\">Verpleeg- en Verzorgingshuizen en Thuiszorg (VVT)</p>\r\n<p style=\"font-family: \'Times New Roman\';\">Als Mbo-Verpleegkundige Verpleeg- en Verzorgingshuizen en Thuiszorg verzorg en begeleid je clienten in een verpleeghuis, revalidatievoorziening, verzorgingshuis, thuiszorg of een beschermd- of kleinschalig- wonensituatie. Je belangrijkste taak is zorgen dat je client zichzelf gaat of blijft redden en de regie over zijn of haar eigen situatie behoudt. Je hebt daarbij ook veel contact met andere zorgverleners, de partner en familieleden.</p>\r\n<p style=\"font-family: \'Times New Roman\';\">Geestelijke Gezondheidszorg (GGZ)</p>\r\n<p style=\"font-family: \'Times New Roman\';\">Als Mbo-Verpleegkundige Geestelijke Ge-zondheidszorg werk je met mensen die hulp nodig hebben bij psychosociale stoornissen, psychiatrische stoornissen of een verslaving. □e zorg geef je bijvoorbeeld in een instelling, een beschermde woonvoorziening of bij de clienten thuis. De problemen hebben vaak te maken met hun sociale, maatschappelijke situatie. Daarom betrek je meestal ook de partner, familie en anderen bij de zorg.</p>\r\n<p style=\"font-family: \'Times New Roman\';\">Gehandicaptenzorg (GHZ)</p>\r\n<p style=\"font-family: \'Times New Roman\';\">Als Mbo-Verpleegkundige Gehandicaptenzorg werkje met mensen met een beper- king. Je leert omgaan met verschillende doelgroepen zoals clienten met het syndroom van Down, een meervoudig verstandelijke beperking of niet-aangeboren hersenletsel. Je gaat na wat ze aan zorg nodig hebben en beoordeelt wat ze willen en zelf kunnen. Daarna zorg je door verpleegkundige acties dat de clienten hun vaardig- heden behouden of vender ontwikkelen. Je bent meestal ook het aanspreekpunt voor andere zorgverleners en familieleden</p>'),
(100, '<p style=\"font-family: \'Times New Roman\';\">Lichamelijke gezondheid en geestelijke gezondheid hebben veel met elkaar te maken. Ben jij in beide geTnteresseerd? Wil jij mensen op beide fronten tegelijkertijd helpen weer beter te worden? Dan kun je kiezen voor de dubbelkwalificatie Maatschappelijke Zorg en Verzorgende Individuele Gezondheidszorg. Deze driejarige opleiding rond je af met twee mbo-niveau 3-diploma&rsquo;s.</p>\r\n<p style=\"font-family: \'Times New Roman\';\">In deze opleiding doe je eerst het basisjaar MZ/VIG. Aan het eind van dat jaar kies je voor Verzorgende Individuele Gezond</p>\r\n<p style=\"font-family: \'Times New Roman\';\">heidszorg, voor Maatschappelijke Zorg of voor de dubbelkwalificatie. In dat laatste geval kies je bij het VIG-deel voor het profiel Verpleeg- en Verzorgingshuizen en Thuis- zorg (VVT) of het profiel Gehandicaptenzorg (GHZ). Zorg- en welzijnsinstellingen vragen steeds vaker om mensen die beide diploma&rsquo;s hebben, dus met deze unieke dubbelkwalificatie hebje meer kans op de arbeids- markt en op afwisseling in je werk!</p>\r\n<p style=\"font-family: \'Times New Roman\';\">Maatschappelijke Zorg</p>\r\n<p style=\"font-family: \'Times New Roman\';\">Als beroepskracht maatschappelijke zorg geef je persoonlijke begeleiding aan mensen met bijvoorbeeld een ziekte, stoornis, handicap of verslaving. Samen met jouw client probeer je de problemen op te lessen, □at doe je soms individueel en soms in groepen, afhankelijk van waar je werkt. Je kunt bijvoorbeeld aan de slag in een organi- satie of woonvorm, maar je kunt ook begeleiding bieden bij mensen thuis of in een opvangeentrum. Jij bent degene die bekijkt welke zorg of begeleiding nodig is en dit ook regelt.</p>\r\n<p style=\"font-family: \'Times New Roman\';\">Verzorgende Individuele Gezondheidszorg</p>\r\n<p style=\"font-family: \'Times New Roman\';\">Als verzorgende indivic</p>\r\n<p style=\"font-family: \'Times New Roman\';\">zorg werk je met zieke</p>\r\n<p style=\"font-family: \'Times New Roman\';\">moeten herstellen, ouderen, gchandicaplen,</p>\r\n<p style=\"font-family: \'Times New Roman\';\">mensen met psychiatri:</p>\r\n<p style=\"font-family: \'Times New Roman\';\">kraamvrouwen en noer</p>\r\n<p style=\"font-family: \'Times New Roman\';\">bijvoorbeeld in een ver;</p>\r\n<p style=\"font-family: \'Times New Roman\';\">instelling voor psychiat</p>\r\n<p style=\"font-family: \'Times New Roman\';\">woonvormen voor geh;</p>\r\n<p style=\"font-family: \'Times New Roman\';\">zorgvragers. Je takenp,</p>\r\n<p style=\"font-family: \'Times New Roman\';\">het geven van een injec</p>\r\n<p style=\"font-family: \'Times New Roman\';\">je client tot het zorgen</p>\r\n<p style=\"font-family: \'Times New Roman\';\">Een uitgebreidere uitleg c vind je op pagina 7 en 12</p>'),
(101, '<p style=\"font-family: \'Times New Roman\';\">Binnen een paardenbedrijf houd jij het overzicht. Jij weet precies wie wat doet, je controleert en stimuleert anderen.</p>\r\n<p style=\"font-family: \'Times New Roman\';\">Problemen zie je aankomen en je bent doortastend in het oplossen ervan. Je kent de sector en ziet erop toe dat jouw bedrijf de diensten verleent waar de sector om vraagt. En als jouw bedrijf niet meer bij de sector past, zorg jij voor innovaties.</p>\r\n<p style=\"font-family: \'Times New Roman\';\">Je bewaakt de winstgevendheid van het bedrijf. Dit doeje door de kosten te beperken en inkomsten te vergroten.</p>\r\n<p style=\"font-family: \'Times New Roman\';\">Je weet wanneer er een investering gedaan moet worden, ook als die grote risico&rsquo;s met zich meebrengt. Jij hebt niet alleen veel verstand van paarden, maar ook van inkomsten en uitgaven en het organiseren van hippische evenementen.</p>\r\n<p style=\"font-family: \'Times New Roman\';\">Tijdens deze opleiding leer je alles om straks als bedrijfsleider paardensport en -houderij aan het werk te gaan. Je leert naast je hippisch vakmanschap ook om een stevige bedrijfsmatige basis te leggen</p>'),
(102, '<p style=\"font-family: \'Times New Roman\';\">Ben je een ambitieuze paardensporter en wil je paard en ruiter hetpen betere prestaties te leveren, zowet op recreatief ats professioneel niveau? Dat leer je bij de opleiding Instructeur Paardensport en -houderij. Je werkt niet alleen aan rijtechniek, maar ook aan de mentale en fysieke ontwikkeling van de ruiter. Je houdt daarbij natuurlijk ook altijd de gezondheid en het welzijn van het paard in het oog. Je weet mensen te moti- veren en kunt rekening houden met de mogelijkheden en onmogelijkheden van het paard en de paardensporters.</p>\r\n<p style=\"font-family: \'Times New Roman\';\">Kinderen of volwassenen, beginners of professionals: als instructeur kun je met al deze verschillende doelgroepen en niveaus omgaan. Voor hen ben je een vraagbaak, ook wanneer ze bijvoorbeeld zelf een paard willen kopen. Na deze opleiding ben je breed inzetbaar binnen de paardensport. Je kunt natuurlijk aan de slag in een manege of trainingsstal, maar ook werken als zelfstandig instructeur.</p>'),
(103, '<p style=\"font-family: \'Times New Roman\';\">Houd je ervan om met vee, zoals varkens, koeien, geiten of pluimvee te werken op een agrarisch bedrijf en ben je graag lekker aan de slag? Tijdens deze opleiding leer je hoe je dieren moet voeren en verzorgen en hoe je een stal of afdeling moet onderhouden.</p>\r\n<p style=\"font-family: \'Times New Roman\';\">Omdat jij veel contact hebt met de dieren, ben jij degene die de gezondheid in de gaten houdt. Als je het idee hebt dat er iets niet</p>\r\n<p style=\"font-family: \'Times New Roman\';\">goed is, dan geef je dat door aan je collega&rsquo;s. Je hebt daar veel basiskennis van dieren voor nodig. Met deze opleiding kom je meestal te werken in de melkveehouderij, de varkenshouderij, de geitenhouderij of de pluimveehouderij als medewerker veehouderij. Het is een brede opleiding waarin je ontdekt welke kant van de veehouderij jou het meest aanspreekt</p>'),
(104, '<p style=\"font-family: \'Times New Roman\';\">In een agrarisch bedrijf, bijvoorbeeld een varkens-, geiten- of melkveebedrijf, verzorg jij de dieren. Je houdt de gezondheid in de gaten en let op bet gedrag. Ook de omgeving van de dieren houd je in de gaten, dus de hokken, de stal of het weiland waarin ze verblijven. Je werkt grotendeels zelfstandig, maar overlegt regelmatig met de eindverantwoordelijke, de ondernemer of bedrijfsleider. Je hebt een vast takenpakket.</p>\r\n<p style=\"font-family: \'Times New Roman\';\">Deze praktische opleiding bereidt jou voor op bet werken in verschillende agrarische bedrijven, zoals in een melkvee-, varkens-, geiten-of pluimveehouderij. Het is een brede opleiding waarin je vanzelf ontdekt welke kant van de veehouderij jou het meest aanspreekt. Je kunt na deze opleiding dan ook bij verschillende bedrijven aan het werk, onder meer als vakbekwaam medewerker veehouderij bij een agrarisch bedrijf.</p>'),
(105, '<p>De Nederlandse veehouderij staat internationaal aan de top en is erg belangrijk voor onze economie. Dar lukt alleen door constant te innoveren. Als vakexpert veehouderij ben je daar continu mee bezig. Je weet veel van vruchtbaarheid, voortplanting en verzorging van dieren en hoe je inspeelt op marktonwikkelingen en wetgeving.</p>\r\n<p>In deze brede en praktijkgerichte opleiding verdiep je je in de verschillende takken van de varkens-, melkvee-, geiten- en pluimvehouderij. Je leert enerzijds dieren <span style=\"font-family: \'Times New Roman\';\">zo goed mogclijk tc verzorgen, en anderzijds hoe je een bedrijf zo winstgevend mogelijk maakt. Het is een brede opleiding waarin je vanzelf ontdekt welke kant van de veehouderij jou het meest aanspreekt. Je kunt aan de slag als varkens-, geiten- of melkveehouder, maar bijvoorbeeld ook als voorlichter, inseminator of bedrijfsleider. En dan niet alleen op een boerderij, maar ook bij een voerleverancier, in de kwaliteitszorg of in do hancel en export.</span></p>'),
(106, '<p style=\"font-family: \'Times New Roman\';\">Op bijvoorbeeld een manege, op een kinderboerderij of in een dierenasiel zorg jij voor het voeren van de dieren, bet uitmesten van de stallen, het schoonmaken en ontsmetten van hun verblijf en voor de andere zaken die bij het verzorgen van (gezelschaps)dieren horen. Je doet dit onder leiding van een collega. Met deze opleiding kies je voor werk waarin je veel contact met dieren hebt. Je kunt gaan werken als medewerker van een dierenspeciaalzaak,</p>\r\n<p style=\"font-family: \'Times New Roman\';\">bij een asiel, op een kinderboerderij, manege, veehouderij of in de varkenshouderij.</p>\r\n<p style=\"font-family: \'Times New Roman\';\">Binnen deze opleiding bestaat de mogelijkheid om je meer te verdiepen in de paarden- sport en -houderij. Je leert dan hoe je voor een optimale leefomgeving zorgt voor de paarden. Je weet precies wat een paard nodig heeft en leert het paard van binnen en van buiten kennen. Ook leer je hoe je met de juiste voeding, stalling, verzorging en omgang zorgt voor een zo goed mogelijke gezondheid van het paard.</p>');
INSERT INTO `content` (`id`, `content`) VALUES
(107, '<p style=\"font-family: \'Times New Roman\';\">Jij verzorgt dieren en hun leefomgeving op bijvoorbeeld een kinderboerderij, veehouderij, in een dierenspeciaalzaak of op een manege. Jij voert de dieren en reinigt en ontsmet hun verblijven. Dit werk doe jij helemaal zelfstandig en je neemt ook regelmatig het initiatief voor bepaalde werkzaamheden. Met deze opleiding kun je op allerlei plekken terecht komen waar beroepsmatig met (gezelschaps)dieren</p>\r\n<p style=\"font-family: \'Times New Roman\';\">gewerkt wordt. Je krijgt een brede basis, maar je krijgt ook ruimte om je in bepaald aspecten te verdiepen. Wil je het liefst werken in een winkel? Dan kun je hiervoo aanvullende onderdelen votgen om meer commerciele kennis te krijgen. Zo zijn er combinaties mogelijk met veel vakgebiede Welke combinatie dat voor jou is, hangt at van jouw interesses en toekomstwensen!</p>'),
(108, '<p style=\"font-family: \'Times New Roman\';\">In een bedrijf dat zich bezighoudt met dieren kun jij zelfstandig alle werkzaamheden uitvoeren. Je weet alles over het verzorgen en houden van dieren. Daarnaast heb je ook bedrijfskundige en organisatorische kennis. Daardoor weet jij leiding te geven in het bedrijf. Je schrijft een optimalisatieplan en weet van het bedrijf een gezonde onderneming te maken. Je kunt aan het werk als bedrijfsleider van bijvoorbeeld een dierenspeciaalzaak, kinderboerderij, dierenpension, veehouderij, honden- uitlaatserviceof manege. Tijdens deze opleiding word je breed opgeleid, maar je kunt je ook verdiepen in de richting die jou het meest aanspreekt. Ook kun je vakken volgen om meer commerciele kennis te krijgen. Er zijn combinaties met veel vakgebieden mogelijk, afhankelijk van jouw interesses en toekomstwensen.</p>'),
(109, '<p style=\"font-family: \'Times New Roman\';\">Je werkt in een dierenartspraktijk. Je ontvangt de klanten en voert baliewerkzaamheden uit. Je maakt afspraken, geeft voortichting en verstrekt de medicijnen. Daarnaast assisteer je bijvoorbeeld bij een operatie of bij het maken van r&ouml;ntgenfoto&rsquo;s. Het is jouw taak de ruimte, instrumenten en apparaten schoon te houden en te ontsmetten. Ook houd je de voorraden van medicijnen en materialen bij.</p>\r\n<p style=\"font-family: \'Times New Roman\';\">Je hebt een breed takenpakket: het doen van de administratie, assisteren bij operaties en behandelingen, laboratoriumwerkzaamheden en het verzorgen van de opname van dieren. Je kunt je in bepaalde onderdelen extra verdiepen om je te specialiseren. De keuze daarvoor maak jij!</p>'),
(110, '<p style=\"font-family: \'Times New Roman\';\">De paardensector groeit nog steeds. Daardoor is er ook meer vraag naar medewerkers met verstand van zaken. Als vakbekwaam medewerker paardensport en -houderij ben jij zo iemand. Jij zorgt dat alles op het bedrijf reilt en zeilt. Je verzorgt de paarden, maar kunt ook klanten en buitenstaanders informeren over deze dieren. Je weet het paard en de bedrijfsmiddelen optimaal in te zetten bij de activiteiten die verricht moeten worden.</p>\r\n<p style=\"font-family: \'Times New Roman\';\">Het paardenbedrijf is veelzijdig. Je managet de paarden, hun voeding en verzorging, inclusief een tijdig bezoek van de hoefsmid of gebitsverzorger. Bovendien leer je om ruiters te zien als klanten. Jij ziet erop toe dat mensen en paarden het samen naar hun zin hebben.</p>\r\n<p style=\"font-family: \'Times New Roman\';\">Tijdens deze opleiding leer je alles om straks als vakbekwaam medewerker paardensport en -houderij aan het werk te kunnen. Je bouwt tijdens je opleiding jouw portfolio op met (praktijk)ervaringen die je hebt opge- daan in de paardenhouderij.</p>'),
(111, ''),
(112, '<p style=\"text-align: right;\"><span style=\"font-family: -apple-system, BlinkMacSystemFont, \'Segoe UI\', Roboto, Oxygen, Ubuntu, Cantarell, \'Open Sans\', \'Helvetica Neue\', sans-serif;\">Santa Claus is comming to town&nbsp; &nbsp; &nbsp; &nbsp; &nbsp; &nbsp; &nbsp; &nbsp; &nbsp; &nbsp; &nbsp; &nbsp; &nbsp; &nbsp; &nbsp; &nbsp; &nbsp; &nbsp; &nbsp; &nbsp; &nbsp; &nbsp; &nbsp; &nbsp; &nbsp; &nbsp; &nbsp; &nbsp; &nbsp; &nbsp; &nbsp; &nbsp; &nbsp; &nbsp; &nbsp; &nbsp; &nbsp; &nbsp; &nbsp; &nbsp; &nbsp; &nbsp; &nbsp; &nbsp; &nbsp; &nbsp; &nbsp; &nbsp; &nbsp; &nbsp; &nbsp; &nbsp; &nbsp; &nbsp; &nbsp; &nbsp; &nbsp; &nbsp; &nbsp; &nbsp; &nbsp; &nbsp; &nbsp; &nbsp; &nbsp; &nbsp; &nbsp; &nbsp; &nbsp; &nbsp; &nbsp; &nbsp; &nbsp;</span>Santa Claus is comming to town</p>\r\n<p style=\"text-align: center;\">Santa Claus is comming to town</p>\r\n<p style=\"text-align: left;\">Santa Claus is comming to town&nbsp; &nbsp; &nbsp; &nbsp; &nbsp; &nbsp; &nbsp; &nbsp; &nbsp; &nbsp; &nbsp; &nbsp; &nbsp; &nbsp; &nbsp; &nbsp; &nbsp; &nbsp; &nbsp; &nbsp; &nbsp; &nbsp; &nbsp; &nbsp; &nbsp; &nbsp; &nbsp; &nbsp; &nbsp; &nbsp; &nbsp; &nbsp; &nbsp; &nbsp; &nbsp; &nbsp; &nbsp; &nbsp; &nbsp; &nbsp; &nbsp; &nbsp; &nbsp; &nbsp; &nbsp; &nbsp; &nbsp; &nbsp; &nbsp; &nbsp; &nbsp; &nbsp; &nbsp; &nbsp; &nbsp; &nbsp; &nbsp; &nbsp; &nbsp; &nbsp; &nbsp; &nbsp; &nbsp; &nbsp; &nbsp; &nbsp; &nbsp; &nbsp; &nbsp; &nbsp; &nbsp; &nbsp; &nbsp;<span style=\"text-align: right; font-family: -apple-system, BlinkMacSystemFont, \'Segoe UI\', Roboto, Oxygen, Ubuntu, Cantarell, \'Open Sans\', \'Helvetica Neue\', sans-serif;\">Santa Claus is comming to town</span></p>'),
(113, '<p style=\"font-family: -webkit-standard;\">Binnen de opleiding Fedagogisch Werk kun je onder andere kiezen voor het profiel Fedagogisch Medewerker Kinderopvang.&nbsp;</p>\r\n<p style=\"font-family: -webkit-standard;\">omgeving met enerzijds rust en structuur, en anderzijds uitdaging, activiteiten en (vrij) spel.&nbsp;</p>\r\n<p style=\"font-family: -webkit-standard;\">Vind jij de ontwikkeling van kinderen boeiend? En wil je daar graag een bijdrage aan leveren? Als pedagogisch medewerker kinderopvang begeleid je een groep kinderen van 0 tot 13 jaar. Je bent actief met kinderen bezig, praat veel met ze en stimuleert hun taal- en denkontwikkeling. Je kijkt goed wat ze nodig hebben en zoekt daar de juiste activiteiten bij. Daarnaast hebben kinderen natuurlijk verzorging nodig: ook die bied jij. Je zorgt voor een veilige, vertrouwde&nbsp;</p>\r\n<p style=\"font-family: -webkit-standard;\">Na je opleiding kun je bijvoorbeeld aan de slag bij een kinderdagverblijf, peuterspeei- zaal, buitenschoolse opvang of een (integraal) kindcenfrum (iKC). Jij bedenkt welke activiteiten passen bij de behoefte van een kind en neemt de uitvoering daarvan voor je rekening. De ontwikkeling van de kinderen houd je goed in de gaten. In je werk heb je nauw contact met je collega&rsquo;s en ouders of opvoeders.</p>'),
(114, '<p style=\"font-family: -webkit-standard;\">Binnen de opleiding Pedagogisch Werk kun je onder andere kiezen voor het profiel Gespecialiseerd Pedagogisch Medewerker.&nbsp;</p>\r\n<p style=\"font-family: -webkit-standard;\">Sommige kinderen of jongeren hebben een achterstand in bun ontwikkeling. Die kan zijn ontstaan door een lichamelijke of verstande- lijke beperking, of door omstandigheden in hun leef- en/of thuissituatie. Jij biedt deze kinderen en jongeren specials ondersteuning en zorgt voor een veilige omgeving waar ze zich goed kunnen ontwikkelen. Aan de ene kant zorg je voor rust en structuur, aan de andere kant voor uitdaging, activiteiten en (vrij) spel. Je maakt voortdurend gebruik van taal om hun taal- en denkvaardigheid te stimuleren.&nbsp;</p>\r\n<p style=\"font-family: -webkit-standard;\">Met dit diploma kun je werken in onder andere de kinderopvang, buitenschoolse opvang, een brede school of bij een integraal kindcentrum. Ook kun je werken bij orga- nisaties die gespecialiseerd zijn in het aanpakken van een ontwikkelingsachter- stand. In je werk ben je vaak ook de contact- persoon voor ouders, vrijwilligers en deskundigen.&nbsp;</p>\r\n<p style=\"font-family: -webkit-standard;\">Wil je doorstromen naar het hbo? Dan bereiden we je daar vanaf het begin goed op voor. We schenken veel aandacht aan hbo-competenties, zoals onderzoeken en analyseren.</p>'),
(115, '<p>test</p>'),
(116, '<p style=\"font-family: -webkit-standard;\">Binnen de opleiding Pedagogisch Werk kun je onder andere kiezen voor het profiel Onderwijsassistent.&nbsp;</p>\r\n<p style=\"font-family: -webkit-standard;\">Elk schoolkind verdient alle aandacht. Ook in een voile of \'moeilijke\' klas. Als onderwijsassistent ondersteun jij leerkrachten daarbijk □at doe je op pedagogisch en didactisch gebied. Oftewel: je helpt bij de algehele ont- wikkeling van een kind en bij het lesgeven. Je helpt kinderen in groepjes of individueel bij het spelen, leren, hun taalontwikkeling en je zorgt voor een goede veiligheid en hygiene. Soms bedenk en doeje een leuke activiteit. Je neemt zelf veel initiatief en je weet van aanpakken.&nbsp;</p>\r\n<p style=\"font-family: -webkit-standard;\">Na deze opleiding kun je werken met kinderen, jongeren of volwassenen in onder andere het basisonderwijs, speciaal onderwijs of voortgezet onderwijs. Maar bijvoorbeeld ook in een brede school of in een integraal kindcentrum (IKC). Jij kunt daar verschillende vakken verzorgen en het is dus belangrijk dat je de leerstof minimaal op het niveau van de leerlingen kent. Tijdens deze opleiding werken we dan ook veel aan je eigen kennis en vaardigheden. Wil je nog niet direct werken, dan kun je na deze opleiding ook naar hbo. Kies je voor dat laatste, dan bereiden weje daar goed op voor.</p>'),
(117, '<p>test</p>'),
(118, '<p style=\"font-family: Times;\">Welkom in het Landschap ICT &amp; Technologie!</p>\r\n<p style=\"font-family: Times;\">Vind je het ieuk om vraagstukken in de automatisering op te lossen en ben je op de hoogte van de laatste digitate ontwikkelingen? Of wit jij nieuwe mogelijkheden onderzoeken en voor gebruikers digitate toepassingen bedenken en maken? Dan is het Landschap ICT &amp; Technotogie iets voor jou. Dankzij jou kunnen mensen in bedrijven en organisaties beter werken met hun computers, appticaties en geautomatiseerde informatievoorziening. In dit Landschap leer jij hoe je dat voor etkaar krijgt.</p>\r\n<p style=\"font-family: Times;\">Kies je voor ieren en werken in een ICT-beroep, dan werk je vanzeifsprekend met computers, maar vooral met mensen, in alle bedrijfstakken. Jij ondersteunt collega\'s en verhelpt storingen in apparaten. Ook kun je netwerken of applicaties ontwerpen en onderhouden. Maar er is veel meer te doen, zoals apparatuur repareren. Jij zorgt daarvoor. Jouw taak kan zijn het bouwen of beveiligen van een digitaal netwerk, het bedenken en bouwen van een webshop of applicatie. De werkzaamheden in het beroep vormen het uitgangspunt van je opieiding.</p>\r\n<p style=\"font-family: Times;\">Werkgebieden binnen ICT &amp; Technologie</p>\r\n<p style=\"font-family: Times;\">zelfstandig volgens een plan en je kunt prima samenwerken met ICT-collega&rsquo;s en gebruikers. Dankzij jou worden pittige ICT-vraagstukken goed geanatyseerd en opgelost.</p>\r\n<p style=\"font-family: Times;\">Ontwikkeling</p>\r\n<p style=\"font-family: Times;\">Ontwikkeling richt zich op zowet het technische als creatieve vlak. Je teert nieuwe (web-Dtoepassingen en applicaties te ontwikketen. Bij kleinere applicaties werk je meestal aan het gehele ontwikkelproces, bij grotere maak je meestal onderdelen ervan. Je bent creatief in digitale vormgeving en je volgt de trends. Je leert (web)applicaties of games voor de opdrachtgever te bedenken en te bouwen. Jij luistert naar de bedoeling van anderen, drukt jezelf helder uit en werkt onder meer samen met communicatieadviseurs, vormgevers, tekstschrijvers, collega\'s en gebruikers.</p>\r\n<p style=\"font-family: Times;\">Is dit jouw Landschap?</p>\r\n<p style=\"font-family: Times;\">Voor beide gebieden is het belangrijk dat je goed kunt luisteren, analyseren, uitleggen en voorat, dat je oplossingsgericht denkt en werkt. Wat kies jij?</p>\r\n<p style=\"font-family: Times;\">In het ICT-werkveld kun je veel richtingen op, verdeeld in grofweg twee gebieden: Beheer en Ontwikkeling. Op beide werkgebieden heeft ICT &amp; Technologie de opieiding die bij jou past!</p>\r\n<p style=\"font-family: Times;\">Beheer</p>\r\n<p style=\"font-family: Times;\">Het beheer richt zich op bestaande toepassingen en applicaties en het onderhouden van de verschillende ICT-systemen. Je hebt veel interesse voor toepassingen met computers. Je bent vriendelijk en hebt geduld om zaken over ICT aan iemand uit te leggen. Je werkt</p>\r\n<p style=\"font-family: Times;\">Landschap</p>\r\n<p style=\"font-family: Times;\">Bij Landstede MBO gebruiker we andere namen voor de verschillende domeinen, zoals deze door het Ministerie van Onderwijs, Cultuur en Wetenschap en de MBO Raad zijn vastgesteld. Wij noemen deze domeinen: Landschappen. Het Landschap ICT &amp; Technologie er daar een van. Hierin vind je opleidingen die raakvlakken met elkaar hebben.</p>\r\n<p style=\"font-family: Times;\">Een soort interessegebied dus.</p>'),
(119, '<p style=\"font-family: Times;\">Vind je het ieuk om vraagstukken in de automatisering op te lossen en ben je op de hoogte van de laatste digitate ontwikkelingen? Of wit jij nieuwe mogelijkheden onderzoeken en voor gebruikers digitate toepassingen bedenken en maken? Dan is het Landschap ICT &amp; Technotogie iets voor jou. Dankzij jou kunnen mensen in bedrijven en organisaties beter werken met hun computers, appticaties en geautomatiseerde informatievoorziening. In dit Landschap leer jij hoe je dat voor etkaar krijgt.</p>\r\n<p style=\"font-family: Times;\">Kies je voor ieren en werken in een ICT-beroep, dan werk je vanzeifsprekend met computers, maar vooral met mensen, in alle bedrijfstakken. Jij ondersteunt collega\'s en verhelpt storingen in apparaten. Ook kun je netwerken of applicaties ontwerpen en onderhouden. Maar er is veel meer te doen, zoals apparatuur repareren. Jij zorgt daarvoor. Jouw taak kan zijn het bouwen of beveiligen van een digitaal netwerk, het bedenken en bouwen van een webshop of applicatie. De werkzaamheden in het beroep vormen het uitgangspunt van je opieiding.</p>\r\n<p style=\"font-family: Times;\">Werkgebieden binnen ICT &amp; Technologie</p>\r\n<p style=\"font-family: Times;\">zelfstandig volgens een plan en je kunt prima samenwerken met ICT-collega&rsquo;s en gebruikers. Dankzij jou worden pittige ICT-vraagstukken goed geanatyseerd en opgelost.</p>\r\n<p style=\"font-family: Times;\">Ontwikkeling</p>\r\n<p style=\"font-family: Times;\">Ontwikkeling richt zich op zowet het technische als creatieve vlak. Je teert nieuwe (web-Dtoepassingen en applicaties te ontwikketen. Bij kleinere applicaties werk je meestal aan het gehele ontwikkelproces, bij grotere maak je meestal onderdelen ervan. Je bent creatief in digitale vormgeving en je volgt de trends. Je leert (web)applicaties of games voor de opdrachtgever te bedenken en te bouwen. Jij luistert naar de bedoeling van anderen, drukt jezelf helder uit en werkt onder meer samen met communicatieadviseurs, vormgevers, tekstschrijvers, collega\'s en gebruikers.</p>\r\n<p style=\"font-family: Times;\">Is dit jouw Landschap?</p>\r\n<p style=\"font-family: Times;\">Voor beide gebieden is het belangrijk dat je goed kunt luisteren, analyseren, uitleggen en voorat, dat je oplossingsgericht denkt en werkt. Wat kies jij?</p>\r\n<p style=\"font-family: Times;\">In het ICT-werkveld kun je veel richtingen op, verdeeld in grofweg twee gebieden: Beheer en Ontwikkeling. Op beide werkgebieden heeft ICT &amp; Technologie de opieiding die bij jou past!</p>\r\n<p style=\"font-family: Times;\">Beheer</p>\r\n<p style=\"font-family: Times;\">Het beheer richt zich op bestaande toepassingen en applicaties en het onderhouden van de verschillende ICT-systemen. Je hebt veel interesse voor toepassingen met computers. Je bent vriendelijk en hebt geduld om zaken over ICT aan iemand uit te leggen. Je werkt</p>\r\n<p style=\"font-family: Times;\">Landschap</p>\r\n<p style=\"font-family: Times;\">Bij Landstede MBO gebruiker we andere namen voor de verschillende domeinen, zoals deze door het Ministerie van Onderwijs, Cultuur en Wetenschap en de MBO Raad zijn vastgesteld. Wij noemen deze domeinen: Landschappen. Het Landschap ICT &amp; Technologie er daar een van. Hierin vind je opleidingen die raakvlakken met elkaar hebben.</p>\r\n<p style=\"font-family: Times;\">Een soort interessegebied dus.</p>'),
(120, '<p style=\"font-family: Times;\">in het Landschap ICT &amp; Technologie!</p>\r\n<p style=\"font-family: Times;\">Vind je het ieuk om vraagstukken in de automatisering op te lossen en ben je op de hoogte van de laatste digitate ontwikkelingen? Of wit jij nieuwe mogelijkheden onderzoeken en voor gebruikers digitate toepassingen bedenken en maken? Dan is het Landschap ICT &amp; Technotogie iets voor jou. Dankzij jou kunnen mensen in bedrijven en organisaties beter werken met hun computers, appticaties en geautomatiseerde informatievoorziening. In dit Landschap leer jij hoe je dat voor etkaar krijgt.</p>\r\n<p style=\"font-family: Times;\">Kies je voor ieren en werken in een ICT-beroep, dan werk je vanzeifsprekend met computers, maar vooral met mensen, in alle bedrijfstakken. Jij ondersteunt collega\'s en verhelpt storingen in apparaten. Ook kun je netwerken of applicaties ontwerpen en onderhouden. Maar er is veel meer te doen, zoals apparatuur repareren. Jij zorgt daarvoor. Jouw taak kan zijn het bouwen of beveiligen van een digitaal netwerk, het bedenken en bouwen van een webshop of applicatie. De werkzaamheden in het beroep vormen het uitgangspunt van je opieiding.</p>\r\n<p style=\"font-family: Times;\"><strong>Werkgebieden binnen ICT &amp; Technologie</strong></p>\r\n<p style=\"font-family: Times;\">In het ICT-werkveld kun je veel richtingen op, verdeeld in grofweg twee gebieden: Beheer en Ontwikkeling. Op beide werkgebieden heeft ICT &amp; Technologie de opieiding die bij jou past!</p>\r\n<p style=\"font-family: Times;\"><strong>Beheer</strong></p>\r\n<p style=\"font-family: Times;\">Het beheer richt zich op bestaande toepassingen en applicaties en het onderhouden van de verschillende ICT-systemen. Je hebt veel interesse voor toepassingen met computers. Je bent vriendelijk en hebt geduld om zaken over ICT aan iemand uit te leggen. Je werkt zelfstandig volgens een plan en je kunt prima samenwerken met ICT-collega&rsquo;s en gebruikers. Dankzij jou worden pittige ICT-vraagstukken goed geanatyseerd en opgelost.</p>\r\n<p style=\"font-family: Times;\"><strong>Ontwikkeling</strong></p>\r\n<p style=\"font-family: Times;\">Ontwikkeling richt zich op zowet het technische als creatieve vlak. Je teert nieuwe (web-Dtoepassingen en applicaties te ontwikketen. Bij kleinere applicaties werk je meestal aan het gehele ontwikkelproces, bij grotere maak je meestal onderdelen ervan. Je bent creatief in digitale vormgeving en je volgt de trends. Je leert (web)applicaties of games voor de opdrachtgever te bedenken en te bouwen. Jij luistert naar de bedoeling van anderen, drukt jezelf helder uit en werkt onder meer samen met communicatieadviseurs, vormgevers, tekstschrijvers, collega\'s en gebruikers.</p>\r\n<p style=\"font-family: Times;\"><strong>Is dit jouw Landschap?</strong></p>\r\n<p style=\"font-family: Times;\">Voor beide gebieden is het belangrijk dat je goed kunt luisteren, analyseren, uitleggen en voorat, dat je oplossingsgericht denkt en werkt. Wat kies jij?</p>'),
(121, '<p style=\"font-family: Times;\">Vind je het ieuk om vraagstukken in de automatisering op te lossen en ben je op de hoogte van de laatste digitate ontwikkelingen? Of wit jij nieuwe mogelijkheden onderzoeken en voor gebruikers digitate toepassingen bedenken en maken? Dan is het Landschap ICT &amp; Technotogie iets voor jou. Dankzij jou kunnen mensen in bedrijven en organisaties beter werken met hun computers, appticaties en geautomatiseerde informatievoorziening. In dit Landschap leer jij hoe je dat voor etkaar krijgt.</p>\r\n<p style=\"font-family: Times;\">Kies je voor ieren en werken in een ICT-beroep, dan werk je vanzeifsprekend met computers, maar vooral met mensen, in alle bedrijfstakken. Jij ondersteunt collega\'s en verhelpt storingen in apparaten. Ook kun je netwerken of applicaties ontwerpen en onderhouden. Maar er is veel meer te doen, zoals apparatuur repareren. Jij zorgt daarvoor. Jouw taak kan zijn het bouwen of beveiligen van een digitaal netwerk, het bedenken en bouwen van een webshop of applicatie. De werkzaamheden in het beroep vormen het uitgangspunt van je opieiding.</p>\r\n<p style=\"font-family: Times;\">Werkgebieden binnen ICT &amp; Technologie</p>\r\n<p style=\"font-family: Times;\">zelfstandig volgens een plan en je kunt prima samenwerken met ICT-collega&rsquo;s en gebruikers. Dankzij jou worden pittige ICT-vraagstukken goed geanatyseerd en opgelost.</p>\r\n<p style=\"font-family: Times;\">Ontwikkeling</p>\r\n<p style=\"font-family: Times;\">Ontwikkeling richt zich op zowet het technische als creatieve vlak. Je teert nieuwe (web-Dtoepassingen en applicaties te ontwikketen. Bij kleinere applicaties werk je meestal aan het gehele ontwikkelproces, bij grotere maak je meestal onderdelen ervan. Je bent creatief in digitale vormgeving en je volgt de trends. Je leert (web)applicaties of games voor de opdrachtgever te bedenken en te bouwen. Jij luistert naar de bedoeling van anderen, drukt jezelf helder uit en werkt onder meer samen met communicatieadviseurs, vormgevers, tekstschrijvers, collega\'s en gebruikers.</p>\r\n<p style=\"font-family: Times;\">Is dit jouw Landschap?</p>\r\n<p style=\"font-family: Times;\">Voor beide gebieden is het belangrijk dat je goed kunt luisteren, analyseren, uitleggen en voorat, dat je oplossingsgericht denkt en werkt. Wat kies jij?</p>\r\n<p style=\"font-family: Times;\">In het ICT-werkveld kun je veel richtingen op, verdeeld in grofweg twee gebieden: Beheer en Ontwikkeling. Op beide werkgebieden heeft ICT &amp; Technologie de opieiding die bij jou past!</p>\r\n<p style=\"font-family: Times;\">Beheer</p>\r\n<p style=\"font-family: Times;\">Het beheer richt zich op bestaande toepassingen en applicaties en het onderhouden van de verschillende ICT-systemen. Je hebt veel interesse voor toepassingen met computers. Je bent vriendelijk en hebt geduld om zaken over ICT aan iemand uit te leggen. Je werkt</p>\r\n<p style=\"font-family: Times;\">Landschap</p>\r\n<p style=\"font-family: Times;\">Bij Landstede MBO gebruiker we andere namen voor de verschillende domeinen, zoals deze door het Ministerie van Onderwijs, Cultuur en Wetenschap en de MBO Raad zijn vastgesteld. Wij noemen deze domeinen: Landschappen. Het Landschap ICT &amp; Technologie er daar een van. Hierin vind je opleidingen die raakvlakken met elkaar hebben.</p>\r\n<p style=\"font-family: Times;\">Een soort interessegebied dus.</p>'),
(122, '<p style=\"font-family: Times;\">Vind je het ieuk om vraagstukken in de automatisering op te lossen en ben je op de hoogte van de laatste digitate ontwikkelingen? Of wit jij nieuwe mogelijkheden onderzoeken en voor gebruikers digitate toepassingen bedenken en maken? Dan is het Landschap ICT &amp; Technotogie iets voor jou. Dankzij jou kunnen mensen in bedrijven en organisaties beter werken met hun computers, appticaties en geautomatiseerde informatievoorziening. In dit Landschap leer jij hoe je dat voor etkaar krijgt.</p>\r\n<p style=\"font-family: Times;\">Kies je voor ieren en werken in een ICT-beroep, dan werk je vanzeifsprekend met computers, maar vooral met mensen, in alle bedrijfstakken. Jij ondersteunt collega\'s en verhelpt storingen in apparaten. Ook kun je netwerken of applicaties ontwerpen en onderhouden. Maar er is veel meer te doen, zoals apparatuur repareren. Jij zorgt daarvoor. Jouw taak kan zijn het bouwen of beveiligen van een digitaal netwerk, het bedenken en bouwen van een webshop of applicatie. De werkzaamheden in het beroep vormen het uitgangspunt van je opieiding.</p>\r\n<p style=\"font-family: Times;\"><strong>Werkgebieden binnen ICT &amp; Technologie</strong></p>\r\n<p style=\"font-family: Times;\">n het ICT-werkveld kun je veel richtingen op, verdeeld in grofweg twee gebieden: Beheer en Ontwikkeling. Op beide werkgebieden heeft ICT &amp; Technologie de opieiding die bij jou past!</p>\r\n<p style=\"font-family: Times;\"><strong>Beheer</strong></p>\r\n<p style=\"font-family: Times;\">Het beheer richt zich op bestaande toepassingen en applicaties en het onderhouden van de verschillende ICT-systemen. Je hebt veel interesse voor toepassingen met computers. Je bent vriendelijk en hebt geduld om zaken over ICT aan iemand uit te leggen. Je werkt zelfstandig volgens een plan en je kunt prima samenwerken met ICT-collega&rsquo;s en gebruikers. Dankzij jou worden pittige ICT-vraagstukken goed geanatyseerd en opgelost.</p>\r\n<p style=\"font-family: Times;\"><strong>Ontwikkeling</strong></p>\r\n<p style=\"font-family: Times;\">Ontwikkeling richt zich op zowet het technische als creatieve vlak. Je teert nieuwe (web-Dtoepassingen en applicaties te ontwikketen. Bij kleinere applicaties werk je meestal aan het gehele ontwikkelproces, bij grotere maak je meestal onderdelen ervan. Je bent creatief in digitale vormgeving en je volgt de trends. Je leert (web)applicaties of games voor de opdrachtgever te bedenken en te bouwen. Jij luistert naar de bedoeling van anderen, drukt jezelf helder uit en werkt onder meer samen met communicatieadviseurs, vormgevers, tekstschrijvers, collega\'s en gebruikers.</p>\r\n<p style=\"font-family: Times;\"><strong>Is dit jouw Landschap?</strong></p>\r\n<p style=\"font-family: Times;\">Voor beide gebieden is het belangrijk dat je goed kunt luisteren, analyseren, uitleggen en voorat, dat je oplossingsgericht denkt en werkt. Wat kies jij?</p>'),
(123, '<p style=\"font-family: -webkit-standard;\"><strong>Landschap Handel &amp; Commercie!&nbsp;</strong></p>\r\n<p style=\"font-family: -webkit-standard;\">Hoe goed producten en diensten ook zijn, ze verkopen zich natuurlijk niet vanzelf. In het Landschap Handel &amp; Commercie leer je hoe het wel werkt. Of je nu zelf het contact met de klant wilt, liever achter de schermen werkt of zelf een onderneming wilt beginnen: je vindt er altijd een opleiding die past bij jouw wensen en commerciele talent. En omdat elk soort organisatie klanten heeft, kun je met de opleidingen in dit Landschap alle kanten op. Wat kies jij?&nbsp;</p>\r\n<p style=\"font-family: -webkit-standard;\"><strong>Commerciele beroepen&nbsp;</strong></p>\r\n<p style=\"font-family: -webkit-standard;\">Als bedrijf ben je zuinig op je klanten. Niet voor niets is het onderhouden van de contacten met klanten een aparte functie, vaak van de commercieel medewerker of junior accountmanager. Natuurlijk tellen de verkoopcijfers, maar je bent meer dan een verkoper. Jij kent een vaste groep klanten door en door en blinkt uit in goede service en je kennis van de producten of diensten. Soms werk je vooral telefonisch, soms ben je altijd onderweg. Jij bent voor je klanten een betrokken en persoonlijk adviseur, voor wie de lange termijn telt.&nbsp;</p>\r\n<p style=\"font-family: -webkit-standard;\"><strong>Retail&nbsp;</strong></p>\r\n<p style=\"font-family: -webkit-standard;\">Zoek je een commerciele baan waar het gaat om persoonlijk contact met de klant en waarin je direct resultaat ziet van je werk? Kies dan voor de retail. In een winkel of bij een groothandel denk je na over welke producten je verkoopt en hoe je ze het beste presenteert. Dat doe je samen met je collega\'s, je leidinggevende of de leverancier. Wil je zelf het klantcontact? Stuur je liever andere verkopers aan? Of wil je een eigen onderneming starten? Het kan allemaal met een van de vele opleidingen in dit dynamische vakgebied</p>\r\n<p style=\"font-family: -webkit-standard;\"><strong>Marketing &amp; Communicatie&nbsp;</strong></p>\r\n<p style=\"font-family: -webkit-standard;\">Of je nu voor een energieleverancier werkt, een museum of een goed doel: je wilt dat zoveel mogelijk mensen je merk, product of dienst kennen. En heb je eenmaal een klant, dan wil je ook dat hij terugkomt. Je meet dus weten wat je klant wil, bijvoorbeeld door marktonderzoek. Vervolgens ontwikkel je een goed plan en een sterke campagne. Daar zet je allerlei middelen voor in, van een advertentie, een website tot misschien wel een opvallend evenement. De kunst is te zorgen dat alles op elkaar aansluit. Wat marketing en communicatie zo boeiend maakt? De veelzijdigheid! Soms ben je adviserend bezig, dan juist weer heel praktisch.</p>'),
(124, 'Landschap Groen & Dier!\r\n\r\nHier vind je alle \'groene\' opleidingen van Landstede MBO: opleidingen die met landbouw, dieren en landbouwmachines te maken hebben. Van het werken op een agrarisch bedrijf, bij een manege, in de paardensport, op een kinderboerderij, bij een dierenarts tot het werken met landbouwmachines. Wat kies jij?'),
(125, '<p style=\"font-family: -webkit-standard;\"><strong>Landschap Gezond &amp; Wei!&nbsp;</strong></p>\r\n<p style=\"font-family: -webkit-standard;\">Vind jij het ieuk om met mensen te werken, jong, oud, gezond of met lichamelijke en/of geestelijke problemen? Dan vind je vast en zeker een opleiding in het Landschap Gezond &amp; Wei. Hier vind je veel verschillende opleidingen waarmee jij je precies kunt voorbereiden op de werkplek en doelgroep die jou het meeste aanspreken. Wat zoekjij?&nbsp;</p>\r\n<p style=\"font-family: -webkit-standard;\"><strong>Van medische zorg...&nbsp;</strong></p>\r\n<p style=\"font-family: -webkit-standard;\">In het Landschap Gezond &amp; Wei zijn twee hoofdrichtingen: gezondheidszorg en welzijn. Bij gezondheidszorg draait het vooral om zorg op het lichamelijke viak, bijvoorbeeld omdat mensen herstellen van een operatie, gewond of net bevallen zijn. Je mag sommige medische handelingen verrichten die je met een ander diploma niet mag uitvoeren, zoals het geven van medicatie en injecties.&nbsp;</p>\r\n<p style=\"font-family: -webkit-standard;\"><strong>...tot sociaal maatschappelijke ondersteuning&nbsp;</strong></p>\r\n<p style=\"font-family: -webkit-standard;\">Bij welzijn draait het ook om zorg, maar die is bedoeld voor mensen die hulp nodig hebben bij het huishouden, zelf- standig wonen, het invullen van de dag of het regelen van alleriei zaken. Soms hebben ze psychische of sociale problemen, maar het kan ook zijn dat ze jong of slecht ter been zijn.&nbsp;</p>\r\n<p style=\"font-family: -webkit-standard;\"><strong>Waar kun je werken?&nbsp;</strong></p>\r\n<p style=\"font-family: -webkit-standard;\">Met de opleidingen uit dit Landschap kun je veel kanten op. Afhankelijk van je diploma kun je werken in bijvoorbeeld een ziekenhuis, een sociaal wijkteam, verzorgingshuis, bij mensen thuis, in een woongroep, een organisatie voor verslavingszorg of psychiatrie of bij een algemene organisatie voor sociaal werk. Als je wilt, kun je je bij ons specialiseren in specifieke doetgroepen, zoals mensen met een lichamelijke of verstandelijke beperking, clienten met gedragsproblemen of ouderen.&nbsp;</p>\r\n<p style=\"font-family: -webkit-standard;\"><strong>Is dit jouw Landschap?&nbsp;</strong></p>\r\n<p style=\"font-family: -webkit-standard;\">Wil je een van de opleidingen in dit boeiende Landschap volgen? Dat kan als jij ge\'fnteresseerd bent in mensen met sociale en/of medische problemen. Je hebt veel verant- woordelijkheidsgevoel en inlevingsvermogen. Belangrijk is ook dat je gemakkelijk contact legt, helder communiceert en goed bent in samenwerken. Vender zijn flexibiliteit en stressbestendigheid een echte must in dit vakgebied.</p>'),
(126, '<p><strong>Landschap Groen &amp; Dier!</strong></p>\r\n<p>Hier vind je alle \'groene\' opleidingen van Landstede MBO: opleidingen die met landbouw, dieren en landbouwmachines te maken hebben. Van het werken op een agrarisch bedrijf, bij een manege, in de paardensport, op een kinderboerderij, bij een dierenarts tot het werken met landbouwmachines. Wat kies jij?</p>'),
(127, '<p style=\"font-family: -webkit-standard;\"><strong>Landschap Office &amp; Management!&nbsp;</strong></p>\r\n<p style=\"font-family: -webkit-standard;\">Betrouwbare cijfers, klantvriendelijke medewerkers en een werkwijze die voldoet aan alle wetten: geen organisatie kan zonder. Daarom is er behoefte aan financieel en juridisch talent, maar ook talent op het gebied van office- en managementsupport. Opleidingen in deze richtingen vind je in ons Landschap Office &amp; Management. Het zakelijke Landschap vol variatie en carrieremogelijkheden!&nbsp;</p>\r\n<p style=\"font-family: -webkit-standard;\"><strong>Financieel administratieve beroepen&nbsp;</strong></p>\r\n<p style=\"font-family: -webkit-standard;\">Wil jij altijd precies weten hoe het zit met de uitgaven en inkomsten? Hou je er van om dit soort gegevens zo te presenteren dat een teidinggevende vervolgens goede beslissingen kan nemen? Voor organisaties is het van ievensbeiang dat ze snel over betrouwbare gegevens beschikken. Onze financiele opleidingen bereiden je voor op banen waarbij je daar aan meewerkt. Het werk varieert van het invoeren en analyseren van gegevens, tot het informeren en adviseren van het management.&nbsp;</p>\r\n<p style=\"font-family: -webkit-standard;\"><strong>Office en management support&nbsp;</strong></p>\r\n<p style=\"font-family: -webkit-standard;\">De naam Office support zegt het eigenlijk al een beetje: je helpt de samenwerking binnen je team of bedrijf te verbeteren. Jij bent daarin de spil. Je onderhoudt de contacten, legt afspraken vast en zorgt dat iedereen de juiste info krijgt. Ook controleer je de voortgang van projecten en kijk je voortdurend of de processen efficienter kunnen. Dit afwisseiende vak vraagt om communicatieve en initiatiefrijke professionals, die ook nog eens ontzettend veelzijdig zijn!&nbsp;</p>\r\n<p style=\"font-family: -webkit-standard;\"><strong>Juridisch administratieve beroepen&nbsp;</strong></p>\r\n<p style=\"font-family: -webkit-standard;\">Procedures, wetgeving en regels: er zijn er meer dan je denkt. Het is belangrijk je er aan te houden. Dat geldt voor overheden, bedrijven en voor mensen zoals jij en ik. Bijvoorbeeld bij het vastleggen van afspraken en gegevens, of bij het doen van een aanvraag. Jij zorgt dat alles juridisch en administratief goed geregeld wordt. Onze opleiding Juridisch Administratief Dienstverlener maakt van jou een veelzijdige specialist. Specialist in personeelsaan- gelegenheden en de salarisadministratie word je met onze opleiding Medewerker Human Resource Management (HRM).</p>'),
(128, '<p>Bij een loonwerkbedrijf, mechanisatiebedrijf of machinegroothandel repareer en onder- houd jij mobiele werktuigen. Als zelfstandig monteur ben jij de spil van de werkplaats. Je bent op de hoogte van de techniek en weet hoe je een mobiel werktuig moet repareren en onderhouden. Is er een speciatistische reparatie, storing of moet er een werktuig gemodificeerd worden dan komen ze bij jou terecht. Je doet deels hetzelfde werk als de monteur mobiele werktuigen (niveau 2), maar je werkt nu wel veel meer zelfstandig. Ook voer je keuringen en inspecties uit. Bij ingewikkelde reparaties en aanpassingen begeleid en instrueer je de collega monte in de werkplaats. Ook kun je je bezighouden met het advise van klanten en rapporteer je aan je leidmi gevende. Vender kun je door bijscholing n veel gevallen doorgroeien naar een leidin gevende functie, of je specialiseren.</p>'),
(129, ''),
(130, ''),
(131, '<p>32222</p>'),
(132, ''),
(133, ''),
(134, '<p>Landbouw, veehouderij en techniek gaan hand in hand. Kijk maar naar al die machtige machines die er gebruikt worden. Je kunt als medewerker bij een (gemechaniseerd) loonbedrijf prima met tractoren en andere landbouwmachines overweg en helpt boeren bij bijvoorbeeld het zaaien, oogsten en de grondbewerking. Je onderhoudt de machines en voert kleine reparaties uit. Daarnaast weet je ook veel van de verschillende bodemsoorten en gewassen. Je kunt na deze opleiding direct aan de slag bij een loonbedrijf of agrarisch bedrijf. Je kunt je specialiseren in de richting die jou het meeste aanspreekt. Wilje bijvoorbeeld meer weten over het machinaal verwerken van gewassen of over verkopen? Dan kunnen wij zorgen dat je die kennis krijgt. Ook zijn er combinaties mogelijk met andere opleidingen, bijvoorbeeld op het gebied van administratie, economie of ICT.</p>'),
(135, '<p>test</p>'),
(136, '<p>test</p>'),
(137, '<p>test</p>');

-- --------------------------------------------------------

--
-- Tabelstructuur voor tabel `landschap`
--

CREATE TABLE `landschap` (
  `id` int(11) NOT NULL,
  `naam` varchar(255) NOT NULL,
  `content_id` int(11) NOT NULL,
  `afbeelding_id` int(11) DEFAULT NULL,
  `langeAfbeelding_id` int(11) DEFAULT NULL,
  `kleur` varchar(30) NOT NULL DEFAULT '#ED135D'
) ENGINE=InnoDB DEFAULT CHARSET=utf8;

--
-- Gegevens worden geëxporteerd voor tabel `landschap`
--

INSERT INTO `landschap` (`id`, `naam`, `content_id`, `afbeelding_id`, `langeAfbeelding_id`, `kleur`) VALUES
(2, 'Groen & Dier', 126, 64, NULL, '#19ba90'),
(3, 'Onderwijs en Opvoeding', 23, 19, NULL, '#46aac6'),
(4, 'ICT & Technologie', 122, 25, NULL, '#00B0BD'),
(6, 'Office & Management ', 127, 28, NULL, '#f8962d'),
(8, 'Handel & Commercie', 123, 31, NULL, '#f58220'),
(10, 'Gezond & Wel', 125, 42, NULL, '#a9cf39'),
(11, 'Entree', 51, NULL, NULL, '#25cb89');

-- --------------------------------------------------------

--
-- Tabelstructuur voor tabel `opleiding`
--

CREATE TABLE `opleiding` (
  `id` int(11) NOT NULL,
  `naam` varchar(255) NOT NULL,
  `duur` int(1) NOT NULL,
  `niveau` int(1) NOT NULL,
  `type_id` int(11) NOT NULL,
  `landschap_id` int(11) NOT NULL,
  `content_id` int(11) NOT NULL,
  `afbeelding_id` int(11) DEFAULT NULL,
  `langeAfbeelding_id` int(11) DEFAULT NULL
) ENGINE=InnoDB DEFAULT CHARSET=utf8;

--
-- Gegevens worden geëxporteerd voor tabel `opleiding`
--

INSERT INTO `opleiding` (`id`, `naam`, `duur`, `niveau`, `type_id`, `landschap_id`, `content_id`, `afbeelding_id`, `langeAfbeelding_id`) VALUES
(3, 'Vakbekwaam medewerker paardensport en -houderij', 3, 3, 1, 2, 110, 62, NULL),
(4, 'Instructeur  paardensport en -houderij', 3, 4, 1, 2, 102, 4, NULL),
(5, 'Bedrijfsleider paardensport en -houderij', 3, 4, 1, 2, 101, 5, NULL),
(6, 'Medewerker agrarisch loonwerk', 2, 2, 1, 2, 134, 6, NULL),
(7, 'Vakbekwaam medewerker agrarisch loonwerk ', 3, 3, 1, 2, 68, 7, NULL),
(8, 'Vakexpert agrarisch loonwerk', 3, 4, 1, 2, 69, 8, NULL),
(9, 'Medewerker veehouderij', 2, 2, 1, 2, 103, 12, NULL),
(10, 'Vakbekwaam Medewerker Veehouderij', 3, 3, 1, 2, 104, 10, NULL),
(11, 'Vakexpert veehouderij ', 3, 4, 1, 2, 105, 11, NULL),
(12, 'Medewerker dierverzorging ', 2, 2, 1, 2, 106, 13, NULL),
(13, 'Vakbekwaam medewerker dierverzorging ', 3, 3, 1, 2, 107, 14, NULL),
(14, 'Bedrijfsleider dierverzorging', 3, 4, 1, 2, 108, 17, NULL),
(15, 'Dierenartsassistent paraveterinair ', 4, 4, 1, 2, 109, 18, NULL),
(17, 'Pedagogisch medewerker kinderopvang ', 3, 3, 1, 3, 113, 20, NULL),
(18, 'Software Developer ', 4, 4, 1, 4, 89, 56, NULL),
(19, 'Gespecialiseerd pedagogisch medewerker ', 3, 4, 1, 3, 114, 21, NULL),
(20, 'Expert IT Systems and Devices', 4, 4, 1, 4, 86, 23, NULL),
(21, 'Onderwijsassistent', 3, 4, 1, 3, 116, 26, NULL),
(24, 'Allround Medewerker IT Systems and Devices', 4, 3, 1, 4, 82, 27, NULL),
(25, 'Financieel administratief medewerker', 2, 3, 1, 6, 92, 29, NULL),
(26, 'Bedrijfsadministrateur ', 3, 4, 1, 6, 95, 30, NULL),
(27, 'Verkoper detailhandel', 2, 2, 3, 8, 41, 33, NULL),
(28, 'Eerste verkoper ', 2, 3, 3, 8, 85, 34, NULL),
(29, 'Verkoopspecialist ', 2, 3, 3, 8, 43, 35, NULL),
(30, 'Commercieel medewerker ', 2, 3, 3, 8, 78, 36, NULL),
(31, 'Medewerker marketing en communicatie ', 3, 4, 3, 8, 81, 37, NULL),
(32, '(Junior) accountmanager', 3, 4, 3, 8, 79, 38, NULL),
(33, 'Ondernemer retail', 3, 4, 3, 8, 90, 39, NULL),
(34, 'Manager retail', 3, 4, 3, 8, 87, 40, NULL),
(35, 'Assistent plant of (groene) leefomgeving', 1, 1, 1, 11, 53, NULL, NULL),
(36, 'Dienstverlening', 2, 2, 4, 10, 88, 43, NULL),
(37, 'Assistent dienstverlening en zorg', 1, 1, 1, 11, 55, NULL, NULL),
(38, 'Assistent logistiek', 1, 1, 1, 11, 56, NULL, NULL),
(39, 'Assistent verkoop/retail', 1, 1, 1, 11, 57, NULL, NULL),
(40, 'Verzorgende IG', 3, 3, 3, 10, 91, 44, NULL),
(41, 'Assistent horeca, voeding en voedingsindustrie', 1, 1, 1, 11, 59, NULL, NULL),
(42, 'Assistent mobiliteitsbranche', 1, 1, 1, 11, 60, NULL, NULL),
(43, 'Assistent bouwen, wonen en onderhoud', 1, 1, 2, 11, 61, NULL, NULL),
(44, 'Verzorgende / Maatschappelijke Zorg Combi / Dubbelkwalificatie ', 3, 3, 3, 10, 100, 45, NULL),
(45, 'MBO-Verpleegkundige ', 4, 4, 1, 10, 94, 46, NULL),
(47, 'Maatschappelijke Zorg ', 3, 3, 3, 10, 97, NULL, NULL),
(48, 'Maatschappelijke Zorg', 3, 4, 3, 10, 99, NULL, NULL),
(49, 'Monteur Mobiele Werktuigen', 2, 2, 1, 2, 73, 50, NULL),
(51, 'Technicus Mobiele Werktuigen', 3, 4, 1, 2, 93, 52, NULL),
(52, 'Allround Monteur Mobiele Werktuigen', 3, 3, 1, 2, 128, 61, NULL),
(53, 'Verkoper', 2, 2, 3, 8, 96, NULL, NULL);

-- --------------------------------------------------------

--
-- Tabelstructuur voor tabel `type`
--

CREATE TABLE `type` (
  `id` int(11) NOT NULL,
  `naam` varchar(255) NOT NULL
) ENGINE=InnoDB DEFAULT CHARSET=utf8;

--
-- Gegevens worden geëxporteerd voor tabel `type`
--

INSERT INTO `type` (`id`, `naam`) VALUES
(1, 'BOL'),
(2, 'BBL'),
(3, 'BOL / BBL'),
(4, 'BOL / BBL / OVO'),
(5, 'OVO');

-- --------------------------------------------------------

--
-- Tabelstructuur voor tabel `user`
--

CREATE TABLE `user` (
  `id` int(11) NOT NULL,
  `email` varchar(255) NOT NULL,
  `wachtwoord` varchar(255) NOT NULL,
  `voornaam` varchar(255) NOT NULL,
  `achternaam` varchar(255) NOT NULL
) ENGINE=InnoDB DEFAULT CHARSET=utf8;

--
-- Gegevens worden geëxporteerd voor tabel `user`
--

INSERT INTO `user` (`id`, `email`, `wachtwoord`, `voornaam`, `achternaam`) VALUES
(1, 'test@test.nl', '$2y$10$nRlpYZV.ZwJAfq4mcR8IA.b1cYPhgrD2z3xEb0um4DaTCpN4A/D4a', 'Test5', 'Account');

--
-- Indexen voor geëxporteerde tabellen
--

--
-- Indexen voor tabel `afbeelding`
--
ALTER TABLE `afbeelding`
  ADD PRIMARY KEY (`id`);

--
-- Indexen voor tabel `content`
--
ALTER TABLE `content`
  ADD PRIMARY KEY (`id`);

--
-- Indexen voor tabel `landschap`
--
ALTER TABLE `landschap`
  ADD PRIMARY KEY (`id`);

--
-- Indexen voor tabel `opleiding`
--
ALTER TABLE `opleiding`
  ADD PRIMARY KEY (`id`);

--
-- Indexen voor tabel `type`
--
ALTER TABLE `type`
  ADD PRIMARY KEY (`id`);

--
-- Indexen voor tabel `user`
--
ALTER TABLE `user`
  ADD PRIMARY KEY (`id`);

--
-- AUTO_INCREMENT voor geëxporteerde tabellen
--

--
-- AUTO_INCREMENT voor een tabel `afbeelding`
--
ALTER TABLE `afbeelding`
  MODIFY `id` int(11) NOT NULL AUTO_INCREMENT, AUTO_INCREMENT=65;

--
-- AUTO_INCREMENT voor een tabel `content`
--
ALTER TABLE `content`
  MODIFY `id` int(11) NOT NULL AUTO_INCREMENT, AUTO_INCREMENT=138;

--
-- AUTO_INCREMENT voor een tabel `landschap`
--
ALTER TABLE `landschap`
  MODIFY `id` int(11) NOT NULL AUTO_INCREMENT, AUTO_INCREMENT=18;

--
-- AUTO_INCREMENT voor een tabel `opleiding`
--
ALTER TABLE `opleiding`
  MODIFY `id` int(11) NOT NULL AUTO_INCREMENT, AUTO_INCREMENT=60;

--
-- AUTO_INCREMENT voor een tabel `type`
--
ALTER TABLE `type`
  MODIFY `id` int(11) NOT NULL AUTO_INCREMENT, AUTO_INCREMENT=6;

--
-- AUTO_INCREMENT voor een tabel `user`
--
ALTER TABLE `user`
  MODIFY `id` int(11) NOT NULL AUTO_INCREMENT, AUTO_INCREMENT=17;
COMMIT;

/*!40101 SET CHARACTER_SET_CLIENT=@OLD_CHARACTER_SET_CLIENT */;
/*!40101 SET CHARACTER_SET_RESULTS=@OLD_CHARACTER_SET_RESULTS */;
/*!40101 SET COLLATION_CONNECTION=@OLD_COLLATION_CONNECTION */;
